cod_imovel,field_id,mbmode24,class_name,relevant_commodity,commodity,post2020_loss_ha,field_area_ha,parcel_overlap_fraction
GO-5207600-E22FF9A4A75344D3994CB002B90B6686,5033861,21,Mosaic of Uses,true,cattle,0.0,1.0502635238444595,0.9999999999999994
GO-5207600-E22FF9A4A75344D3994CB002B90B6686,5048978,15,Pasture,true,cattle,0.0,58.02541487558359,0.9999999999999992
GO-5212204-011050C9BC804D77A80A4F161A120C5A,4703337,15,Pasture,true,cattle,0.0,15.416460374055,0.9991058938861297
GO-5212204-0F4C0661AD054C0883A19B9670A7A0F0,4702409,15,Pasture,true,cattle,0.0,26.921175493703945,1.0000000000000009
GO-5212204-0F4C0661AD054C0883A19B9670A7A0F0,4706646,21,Mosaic of Uses,true,cattle,0.0,1.8398497917548107,1.0
GO-5212204-0F4C0661AD054C0883A19B9670A7A0F0,4710179,15,Pasture,true,cattle,0.0,12.181335872911916,1.0000000000000007
GO-5212204-0F4C0661AD054C0883A19B9670A7A0F0,4716103,15,Pasture,true,cattle,0.0,12.322612389362414,0.9999999999999999
GO-5212204-118F8241E57F4C21AF20F2486C2316F9,4701515,15,Pasture,true,cattle,0.0,85.68417901328371,0.4852674453637636
GO-5212204-118F8241E57F4C21AF20F2486C2316F9,4705384,15,Pasture,true,cattle,0.0,6.600950692722496,0.9402321698862057
GO-5212204-1388D04145DA42C49E1692A41D96CDB5,4984016,15,Pasture,true,cattle,0.0,7.706387963225332,0.9094019351662134
GO-5212204-15108D4D7C134B8D9E71E50A2ED2E605,4406365,15,Pasture,true,cattle,0.0,1.1637068409084002,1.0000000000000002
GO-5212204-15108D4D7C134B8D9E71E50A2ED2E605,4406930,15,Pasture,true,cattle,0.0,2.054202548524558,1.0000000000000013
GO-5212204-15108D4D7C134B8D9E71E50A2ED2E605,4421379,21,Mosaic of Uses,true,cattle,0.0,15.471616940455124,0.9999999999999989
GO-5212204-15108D4D7C134B8D9E71E50A2ED2E605,4422659,15,Pasture,true,cattle,0.0,105.12706003435896,1.0
GO-5212204-15108D4D7C134B8D9E71E50A2ED2E605,4433256,15,Pasture,true,cattle,0.0,97.97900417665554,0.9999999999999994
GO-5212204-15108D4D7C134B8D9E71E50A2ED2E605,4435109,15,Pasture,true,cattle,0.0,1.011833868554896,0.9999999999999998
GO-5212204-15108D4D7C134B8D9E71E50A2ED2E605,4437470,15,Pasture,true,cattle,0.0,40.73685408327407,1.0000000000000002
GO-5212204-15108D4D7C134B8D9E71E50A2ED2E605,4439487,15,Pasture,true,cattle,0.0,57.12828495804526,1.0000000000000002
GO-5212204-15108D4D7C134B8D9E71E50A2ED2E605,4441398,15,Pasture,true,cattle,0.0,15.744020386780676,0.9999999999999998
GO-5212204-15108D4D7C134B8D9E71E50A2ED2E605,4442504,15,Pasture,true,cattle,0.0,39.258657828793325,1.0000000000000004
GO-5212204-15108D4D7C134B8D9E71E50A2ED2E605,4443626,15,Pasture,true,cattle,0.0,2.387877737433211,1.0
GO-5212204-15108D4D7C134B8D9E71E50A2ED2E605,4448027,15,Pasture,true,cattle,0.0,40.14841205127531,1.0000000000000007
GO-5212204-15108D4D7C134B8D9E71E50A2ED2E605,4448028,15,Pasture,true,cattle,0.0,1.0421472314741023,1.0000000000000004
GO-5212204-15108D4D7C134B8D9E71E50A2ED2E605,4449217,15,Pasture,true,cattle,0.0,4.026923756798901,0.9999999999999994
GO-5212204-15108D4D7C134B8D9E71E50A2ED2E605,4450337,15,Pasture,true,cattle,0.0,262.93716710001326,0.9999990471606081
GO-5212204-15108D4D7C134B8D9E71E50A2ED2E605,4451154,15,Pasture,true,cattle,0.0,11.291642644524762,1.0000000000000002
GO-5212204-15108D4D7C134B8D9E71E50A2ED2E605,4451283,15,Pasture,true,cattle,0.0,1.4670930152659123,1.0000000000000002
GO-5212204-15108D4D7C134B8D9E71E50A2ED2E605,4452488,15,Pasture,true,cattle,0.0,4.745276766610373,0.9999999999999999
GO-5212204-15108D4D7C134B8D9E71E50A2ED2E605,4452920,15,Pasture,true,cattle,0.0,181.63449845052318,0.9996869715551332
GO-5212204-15108D4D7C134B8D9E71E50A2ED2E605,4453804,15,Pasture,true,cattle,0.0,3.7941671557807,1.0000000000000002
GO-5212204-15108D4D7C134B8D9E71E50A2ED2E605,4459233,15,Pasture,true,cattle,0.0,115.18320925007747,0.9999999999999998
GO-5212204-15108D4D7C134B8D9E71E50A2ED2E605,4459951,15,Pasture,true,cattle,0.0,20.832224360198136,1.0000000000000002
GO-5212204-15108D4D7C134B8D9E71E50A2ED2E605,4464199,15,Pasture,true,cattle,0.0,413.64227804020857,1.0000000000000024
GO-5212204-15108D4D7C134B8D9E71E50A2ED2E605,4465746,15,Pasture,true,cattle,0.0,64.67325624618428,1.0000000000000002
GO-5212204-15108D4D7C134B8D9E71E50A2ED2E605,4466002,15,Pasture,true,cattle,0.0,23.978355645312785,0.9999999999999996
GO-5212204-15108D4D7C134B8D9E71E50A2ED2E605,4467233,15,Pasture,true,cattle,0.0,57.154234612876444,1.0
GO-5212204-15108D4D7C134B8D9E71E50A2ED2E605,4468947,15,Pasture,true,cattle,0.0,10.299485653129087,0.9999999999999996
GO-5212204-15108D4D7C134B8D9E71E50A2ED2E605,4470392,15,Pasture,true,cattle,0.0,20.96271841385677,1.0000000000000002
GO-5212204-15108D4D7C134B8D9E71E50A2ED2E605,4471675,15,Pasture,true,cattle,0.0,67.89852230904252,0.9999999999999988
GO-5212204-15108D4D7C134B8D9E71E50A2ED2E605,4472725,15,Pasture,true,cattle,0.0,151.76461256274706,1.0000000000000007
GO-5212204-15108D4D7C134B8D9E71E50A2ED2E605,4473040,15,Pasture,true,cattle,0.0,62.526112770152686,0.9999999999999994
GO-5212204-15108D4D7C134B8D9E71E50A2ED2E605,4474191,15,Pasture,true,cattle,0.0,3.470156176089317,0.9999999999999998
GO-5212204-15108D4D7C134B8D9E71E50A2ED2E605,4474526,15,Pasture,true,cattle,0.0,69.88968262305401,1.000000000000001
GO-5212204-15108D4D7C134B8D9E71E50A2ED2E605,4477524,15,Pasture,true,cattle,0.0,59.00353785260363,1.0000000000000009
GO-5212204-15108D4D7C134B8D9E71E50A2ED2E605,4479301,15,Pasture,true,cattle,0.0,57.90055630218713,0.9999999999999996
GO-5212204-15108D4D7C134B8D9E71E50A2ED2E605,4479926,15,Pasture,true,cattle,0.0,56.63620425260152,0.999999999999999
GO-5212204-15108D4D7C134B8D9E71E50A2ED2E605,4480200,15,Pasture,true,cattle,0.0,22.490209829859708,0.9999999999999999
GO-5212204-15108D4D7C134B8D9E71E50A2ED2E605,4481483,15,Pasture,true,cattle,0.0,64.55635690395911,1.0000000000000013
GO-5212204-15108D4D7C134B8D9E71E50A2ED2E605,4484625,15,Pasture,true,cattle,0.0,302.5145863440609,0.9978935250990777
GO-5212204-15108D4D7C134B8D9E71E50A2ED2E605,4486802,15,Pasture,true,cattle,0.0,56.50324267074852,1.0000000000000004
GO-5212204-15108D4D7C134B8D9E71E50A2ED2E605,4493280,15,Pasture,true,cattle,0.0,115.85761928203395,1.000000000000002
GO-5212204-15108D4D7C134B8D9E71E50A2ED2E605,4505122,15,Pasture,true,cattle,0.0,404.5898939387787,0.9999370863860665
GO-5212204-156094615E67476AB099D9F46F6C0655,4987845,21,Mosaic of Uses,true,cattle,0.0,4.868255925327815,0.9298299009387074
GO-5212204-156094615E67476AB099D9F46F6C0655,4988677,15,Pasture,true,cattle,0.0,11.857634920750659,0.9950947856873286
GO-5212204-156094615E67476AB099D9F46F6C0655,4991857,15,Pasture,true,cattle,0.0,23.957665993839374,0.712241510935286
GO-5212204-156094615E67476AB099D9F46F6C0655,4993829,15,Pasture,true,cattle,0.0,4.767206350403163,1.0000000000000004
GO-5212204-156094615E67476AB099D9F46F6C0655,4998246,15,Pasture,true,cattle,0.311626927452796,47.72268721355309,0.9968478317227324
GO-5212204-156094615E67476AB099D9F46F6C0655,5001194,21,Mosaic of Uses,true,cattle,0.0,84.0910351828275,0.9984985883423416
GO-5212204-156094615E67476AB099D9F46F6C0655,5003800,15,Pasture,true,cattle,0.0,33.924970652333236,1.0000000000000004
GO-5212204-156094615E67476AB099D9F46F6C0655,5010175,15,Pasture,true,cattle,0.0,35.39863549141347,1.0000000000000013
GO-5212204-156094615E67476AB099D9F46F6C0655,5017000,15,Pasture,true,cattle,0.0,136.896884561659,1.0000000000000009
GO-5212204-156094615E67476AB099D9F46F6C0655,5021905,15,Pasture,true,cattle,0.0,351.09465677882747,0.67816430559855
GO-5212204-156094615E67476AB099D9F46F6C0655,5022497,15,Pasture,true,cattle,0.0,75.21783074960615,1.0000000000000002
GO-5212204-156094615E67476AB099D9F46F6C0655,5025127,15,Pasture,true,cattle,0.0,26.610931899583957,1.0000000000000007
GO-5212204-156094615E67476AB099D9F46F6C0655,5025487,15,Pasture,true,cattle,0.0,18.107711985725757,1.0000000000000002
GO-5212204-156094615E67476AB099D9F46F6C0655,5027106,15,Pasture,true,cattle,0.0,28.65105666749035,1.0000000000000009
GO-5212204-156094615E67476AB099D9F46F6C0655,5027776,15,Pasture,true,cattle,0.0,1.989489967024618,1.0000000000000002
GO-5212204-156094615E67476AB099D9F46F6C0655,5028447,15,Pasture,true,cattle,0.0,3.211378196641001,0.9999999999999998
GO-5212204-156094615E67476AB099D9F46F6C0655,5028554,15,Pasture,true,cattle,0.0,5.968381760488387,0.9999999999999998
GO-5212204-156094615E67476AB099D9F46F6C0655,5030380,15,Pasture,true,cattle,0.0,59.917456778944846,0.9999999999999992
GO-5212204-156094615E67476AB099D9F46F6C0655,5030627,15,Pasture,true,cattle,0.0,2.9892364413015233,0.9983430910664088
GO-5212204-156094615E67476AB099D9F46F6C0655,5035212,15,Pasture,true,cattle,0.0,7.846642591937052,0.9970109761985889
GO-5212204-156094615E67476AB099D9F46F6C0655,5038601,15,Pasture,true,cattle,0.0,150.70039883714733,0.7029083458491464
GO-5212204-156094615E67476AB099D9F46F6C0655,5039564,15,Pasture,true,cattle,0.0,65.35897625675884,0.31018835494535885
GO-5212204-162DBAFE85134130B3480CF2ED130BFA,4873092,15,Pasture,true,cattle,0.0,1.404460133306407,0.47818615958963673
GO-5212204-162DBAFE85134130B3480CF2ED130BFA,4884810,15,Pasture,true,cattle,0.0,32.9184362993926,0.9750203586665144
GO-5212204-16833B91FD32494C864B458F765C0755,4796389,15,Pasture,true,cattle,0.0,27.631712346431666,0.6514949352840801
GO-5212204-16833B91FD32494C864B458F765C0755,4805352,15,Pasture,true,cattle,0.0,19.464911027597754,0.5423937804275984
GO-5212204-1C88EF1B3499490DB39608D89AA62FA5,4969673,21,Mosaic of Uses,true,cattle,0.0,13.090602601118873,0.9999999999999996
GO-5212204-230E3EB4EA894130A1CF632779C35DF4,4973787,15,Pasture,true,cattle,0.0,57.98664382782202,0.6044319299104539
GO-5212204-24550295C0BD4B61B04260CF073F0784,4968882,15,Pasture,true,cattle,0.0,3.7473654611096534,0.9852405251438359
GO-5212204-24550295C0BD4B61B04260CF073F0784,4990111,15,Pasture,true,cattle,0.0,188.79435487988397,0.7042227924495709
GO-5212204-24978B3823B34D09AA76633A5DD8CFE2,4611799,15,Pasture,true,cattle,0.0,1.3549806043067263,0.9999999999999998
GO-5212204-24978B3823B34D09AA76633A5DD8CFE2,4613915,15,Pasture,true,cattle,0.0,3.2357908956259513,0.9999999999999999
GO-5212204-24978B3823B34D09AA76633A5DD8CFE2,4613916,15,Pasture,true,cattle,0.0,1.0111818548156186,1.0
GO-5212204-24978B3823B34D09AA76633A5DD8CFE2,4615477,41,Other Temporary Crops,false,,0.0,15.40022616568723,0.9999999999999998
GO-5212204-24978B3823B34D09AA76633A5DD8CFE2,4616872,15,Pasture,true,cattle,0.0,3.933454211637871,1.0000000000000002
GO-5212204-24978B3823B34D09AA76633A5DD8CFE2,4617312,15,Pasture,true,cattle,0.0,1.0617231914432304,1.0000000000000004
GO-5212204-24978B3823B34D09AA76633A5DD8CFE2,4617450,15,Pasture,true,cattle,0.0,1.3246243277978584,0.9999999999999999
GO-5212204-24978B3823B34D09AA76633A5DD8CFE2,4618799,15,Pasture,true,cattle,0.0,8.544349839247507,1.0000000000000004
GO-5212204-24978B3823B34D09AA76633A5DD8CFE2,4620307,15,Pasture,true,cattle,0.0,3.2154906491390816,1.0000000000000004
GO-5212204-24978B3823B34D09AA76633A5DD8CFE2,4621644,15,Pasture,true,cattle,0.0,78.0108180243877,0.9999999075868361
GO-5212204-24978B3823B34D09AA76633A5DD8CFE2,4622409,15,Pasture,true,cattle,0.0,24.732632177358454,1.0000000000000002
GO-5212204-24978B3823B34D09AA76633A5DD8CFE2,4623140,15,Pasture,true,cattle,0.0,25.227949540500255,0.9994422217875417
GO-5212204-24978B3823B34D09AA76633A5DD8CFE2,4624679,15,Pasture,true,cattle,0.0,41.43613726445245,0.9999554766275771
GO-5212204-24978B3823B34D09AA76633A5DD8CFE2,4626107,15,Pasture,true,cattle,0.0,1.4964826364891706,1.0
GO-5212204-24978B3823B34D09AA76633A5DD8CFE2,4626381,41,Other Temporary Crops,false,,0.0,32.92287169581956,0.9999999999999998
GO-5212204-24978B3823B34D09AA76633A5DD8CFE2,4628648,15,Pasture,true,cattle,0.0,60.52649670765883,1.0000000000000004
GO-5212204-24978B3823B34D09AA76633A5DD8CFE2,4629441,15,Pasture,true,cattle,0.0,23.468198367567155,1.0
GO-5212204-24978B3823B34D09AA76633A5DD8CFE2,4631745,15,Pasture,true,cattle,0.0,95.06472167633521,0.9999999999999991
GO-5212204-27018A8454A847469C4A947E06A1A23E,5001702,41,Other Temporary Crops,false,,0.0,35.399335973035896,0.9879078404219045
GO-5212204-27018A8454A847469C4A947E06A1A23E,5006696,15,Pasture,true,cattle,0.0,84.83604075851804,0.9801741945950465
GO-5212204-27018A8454A847469C4A947E06A1A23E,5006830,15,Pasture,true,cattle,0.0,53.1327187202329,0.9953771581119772
GO-5212204-27018A8454A847469C4A947E06A1A23E,5018523,15,Pasture,true,cattle,0.0,76.36969230050235,0.999937028327324
GO-5212204-27018A8454A847469C4A947E06A1A23E,5020813,15,Pasture,true,cattle,0.0,2.342942010774441,1.0000000000000002
GO-5212204-27018A8454A847469C4A947E06A1A23E,5025126,15,Pasture,true,cattle,0.0,3.8173281677298196,1.0000000000000002
GO-5212204-27018A8454A847469C4A947E06A1A23E,5025609,15,Pasture,true,cattle,0.0,5.231167563188527,0.9999999999999996
GO-5212204-27018A8454A847469C4A947E06A1A23E,5028037,15,Pasture,true,cattle,0.0,1.5147901410242557,0.9999999999999997
GO-5212204-2849994015EF46DB90DE964061CB16A2,4677745,15,Pasture,true,cattle,0.0,3.56875898244535,0.9999999999999996
GO-5212204-294B806F6169468E98BB3456EC5158A4,4474524,15,Pasture,true,cattle,0.0,4.016289960086781,0.9996297198348434
GO-5212204-294B806F6169468E98BB3456EC5158A4,4490584,15,Pasture,true,cattle,0.0,37.611827291918225,0.9994656200333203
GO-5212204-294B806F6169468E98BB3456EC5158A4,4494716,15,Pasture,true,cattle,0.0,6.059474386679463,0.9999999999999998
GO-5212204-294B806F6169468E98BB3456EC5158A4,4500167,15,Pasture,true,cattle,0.04921194294579322,511.02942555635656,0.9661960707055295
GO-5212204-2AD669448DED4EF59B8729DE50E7DEE2,4688115,15,Pasture,true,cattle,0.0,19.02587083011464,0.8705168553274397
GO-5212204-2AD669448DED4EF59B8729DE50E7DEE2,4703867,15,Pasture,true,cattle,0.0,21.461159249986608,0.9898894668292684
GO-5212204-2AD669448DED4EF59B8729DE50E7DEE2,4716102,15,Pasture,true,cattle,0.0,42.9820888309,0.7741826353233165
GO-5212204-2AD669448DED4EF59B8729DE50E7DEE2,4717325,15,Pasture,true,cattle,0.0,58.0639077907292,0.48661430945671674
GO-5212204-2B296F3D835C44D7BF1AD385C1D519A9,4653645,15,Pasture,true,cattle,0.0,1.2132663301748257,1.0
GO-5212204-2B296F3D835C44D7BF1AD385C1D519A9,4658468,15,Pasture,true,cattle,0.0,1.3851365339560648,1.0000000000000002
GO-5212204-2B296F3D835C44D7BF1AD385C1D519A9,4662057,15,Pasture,true,cattle,0.0,1.0615848534513597,0.9999999999999997
GO-5212204-2B296F3D835C44D7BF1AD385C1D519A9,4662189,15,Pasture,true,cattle,0.0,28.744029908497172,1.0000000000000002
GO-5212204-2B296F3D835C44D7BF1AD385C1D519A9,4663654,15,Pasture,true,cattle,0.0,1.1424659402898105,0.9999999999999999
GO-5212204-2B296F3D835C44D7BF1AD385C1D519A9,4664037,15,Pasture,true,cattle,0.13173935401784342,3.7306785815997165,1.0000000000000002
GO-5212204-2B296F3D835C44D7BF1AD385C1D519A9,4664592,15,Pasture,true,cattle,0.34658034408355815,13.163662229432454,1.0
GO-5212204-2B296F3D835C44D7BF1AD385C1D519A9,4664870,15,Pasture,true,cattle,0.25237850490396413,24.578133624938385,0.9983807556103833
GO-5212204-2B296F3D835C44D7BF1AD385C1D519A9,4668028,15,Pasture,true,cattle,9.535685592774282,27.58094025856681,1.000000000000002
GO-5212204-2B296F3D835C44D7BF1AD385C1D519A9,4669711,15,Pasture,true,cattle,0.0,12.951091499395472,0.9999999999999999
GO-5212204-2B296F3D835C44D7BF1AD385C1D519A9,4672382,15,Pasture,true,cattle,0.20299081556831364,40.602419016060885,1.0000000000000002
GO-5212204-2B296F3D835C44D7BF1AD385C1D519A9,4675303,15,Pasture,true,cattle,0.0,8.259867396901155,0.9999999999999994
GO-5212204-2B296F3D835C44D7BF1AD385C1D519A9,4676163,15,Pasture,true,cattle,0.026636335458005807,6.460221131129348,1.0
GO-5212204-2B296F3D835C44D7BF1AD385C1D519A9,4677746,21,Mosaic of Uses,true,cattle,0.0,2.891404403786958,0.9999999999999999
GO-5212204-2B296F3D835C44D7BF1AD385C1D519A9,4679025,15,Pasture,true,cattle,3.118739976368598,5.024606635067274,1.0000000000000002
GO-5212204-2B296F3D835C44D7BF1AD385C1D519A9,4680522,15,Pasture,true,cattle,0.23083590244648686,28.17654279937847,0.9999999999999996
GO-5212204-2B296F3D835C44D7BF1AD385C1D519A9,4681779,15,Pasture,true,cattle,12.909262969805228,60.35590403802483,0.9999999999999997
GO-5212204-2B296F3D835C44D7BF1AD385C1D519A9,4682195,15,Pasture,true,cattle,0.0,2.2746962266997737,1.0000000000000002
GO-5212204-2B296F3D835C44D7BF1AD385C1D519A9,4685105,15,Pasture,true,cattle,2.481839554175935,6.591455635556257,1.0000000000000004
GO-5212204-2B296F3D835C44D7BF1AD385C1D519A9,4685106,15,Pasture,true,cattle,0.0,2.4465394904307867,1.0000000000000002
GO-5212204-2B296F3D835C44D7BF1AD385C1D519A9,4686122,15,Pasture,true,cattle,0.0,35.323296062460614,0.9999999999999992
GO-5212204-2B296F3D835C44D7BF1AD385C1D519A9,4686394,15,Pasture,true,cattle,0.00478300771332693,7.258667762913223,0.9999999999999992
GO-5212204-2B296F3D835C44D7BF1AD385C1D519A9,4687431,15,Pasture,true,cattle,0.0,9.745569834987974,0.9999999999999994
GO-5212204-2B296F3D835C44D7BF1AD385C1D519A9,4688117,15,Pasture,true,cattle,0.0,30.370031341486193,1.0000000000000009
GO-5212204-2B296F3D835C44D7BF1AD385C1D519A9,4688982,15,Pasture,true,cattle,0.2599162416689444,26.578483385163384,0.9999999999999998
GO-5212204-2B296F3D835C44D7BF1AD385C1D519A9,4690768,15,Pasture,true,cattle,0.0,3.2350591244098887,1.0
GO-5212204-2B296F3D835C44D7BF1AD385C1D519A9,4692078,15,Pasture,true,cattle,0.0,27.11386894520824,1.0000000000000004
GO-5212204-2B296F3D835C44D7BF1AD385C1D519A9,4695267,15,Pasture,true,cattle,0.0,6.379052014373246,0.9999999999999997
GO-5212204-2C904799081B439BB5AC023234C7073F,4519074,15,Pasture,true,cattle,0.0,622.4734274848239,0.601003460694247
GO-5212204-2C904799081B439BB5AC023234C7073F,4520871,15,Pasture,true,cattle,0.0,135.96724924829968,1.0000000000000009
GO-5212204-2CC9462D520645069EBCBC7EA3D33548,4794668,15,Pasture,true,cattle,0.0,62.24598926415981,0.9999999999999998
GO-5212204-2CC9462D520645069EBCBC7EA3D33548,4795665,15,Pasture,true,cattle,0.0,6.124219596887202,1.0000000000000004
GO-5212204-2CC9462D520645069EBCBC7EA3D33548,4795937,15,Pasture,true,cattle,0.0,1.748333540538732,1.0
GO-5212204-2CC9462D520645069EBCBC7EA3D33548,4796384,15,Pasture,true,cattle,0.0,13.714107326968952,1.0
GO-5212204-2CC9462D520645069EBCBC7EA3D33548,4797246,21,Mosaic of Uses,true,cattle,0.0,2.193037333914381,1.0000000000000002
GO-5212204-2CC9462D520645069EBCBC7EA3D33548,4799222,15,Pasture,true,cattle,0.0,741.36556301098,0.396051376890893
GO-5212204-2CC9462D520645069EBCBC7EA3D33548,4799355,15,Pasture,true,cattle,0.0,1.071219886809557,0.9999999999999998
GO-5212204-2CC9462D520645069EBCBC7EA3D33548,4801391,15,Pasture,true,cattle,0.0,9.83314777770995,1.0000000000000002
GO-5212204-2CC9462D520645069EBCBC7EA3D33548,4801977,15,Pasture,true,cattle,0.0,9.216434817896438,0.9999999999999993
GO-5212204-2CC9462D520645069EBCBC7EA3D33548,4804641,15,Pasture,true,cattle,0.0,39.54476540407086,1.0000000000000002
GO-5212204-2CC9462D520645069EBCBC7EA3D33548,4805047,15,Pasture,true,cattle,0.0,45.57787762931296,1.0000000000000002
GO-5212204-2CC9462D520645069EBCBC7EA3D33548,4807397,15,Pasture,true,cattle,0.0,4.486954858464133,1.0
GO-5212204-2CC9462D520645069EBCBC7EA3D33548,4807708,15,Pasture,true,cattle,0.0,3.163077080330454,1.0000000000000002
GO-5212204-2CC9462D520645069EBCBC7EA3D33548,4809499,15,Pasture,true,cattle,0.0,1.4248901807520433,0.9999999999999999
GO-5212204-2CC9462D520645069EBCBC7EA3D33548,4809930,15,Pasture,true,cattle,0.0,1.4147916716681546,1.0000000000000002
GO-5212204-2CC9462D520645069EBCBC7EA3D33548,4811069,15,Pasture,true,cattle,0.0,2.6982112910072114,1.0000000000000002
GO-5212204-2CC9462D520645069EBCBC7EA3D33548,4818448,15,Pasture,true,cattle,0.0,167.94322904501487,0.999987541093619
GO-5212204-2CC9462D520645069EBCBC7EA3D33548,4821993,15,Pasture,true,cattle,0.0,61.238363566504724,1.0000000000000004
GO-5212204-2CC9462D520645069EBCBC7EA3D33548,4822096,15,Pasture,true,cattle,0.0,14.410233862384127,1.0000000000000004
GO-5212204-2CC9462D520645069EBCBC7EA3D33548,4824165,15,Pasture,true,cattle,0.0,2.4252346580001487,0.9999999999999994
GO-5212204-2CC9462D520645069EBCBC7EA3D33548,4829123,15,Pasture,true,cattle,0.0,141.9693801288493,0.7967128837857248
GO-5212204-32E6D42B795F4D54B06D6D8C2709096C,4930876,15,Pasture,true,cattle,0.0,12.203302242305966,1.0000000000000002
GO-5212204-32E6D42B795F4D54B06D6D8C2709096C,4932717,21,Mosaic of Uses,true,cattle,0.0,9.718159770720249,1.0000000000000002
GO-5212204-32E6D42B795F4D54B06D6D8C2709096C,4933890,15,Pasture,true,cattle,0.0,18.557551904868017,0.9675679230353178
GO-5212204-32E6D42B795F4D54B06D6D8C2709096C,4936641,15,Pasture,true,cattle,0.0,9.05128145109501,0.9999999999999997
GO-5212204-32E6D42B795F4D54B06D6D8C2709096C,4937773,15,Pasture,true,cattle,0.0,6.192409939368054,1.0000000000000002
GO-5212204-32E6D42B795F4D54B06D6D8C2709096C,4950754,15,Pasture,true,cattle,0.0,23.788848176869443,0.9999999999999992
GO-5212204-32E6D42B795F4D54B06D6D8C2709096C,4951543,15,Pasture,true,cattle,0.0,334.73117468917536,0.9479844124005679
GO-5212204-3AF33D4A071C45C88BD8B31829ACFD81,4718617,15,Pasture,true,cattle,0.0,15.951020815030843,0.927227567493252
GO-5212204-3AF33D4A071C45C88BD8B31829ACFD81,4723624,15,Pasture,true,cattle,0.0,105.88622929699717,0.6332281339825061
GO-5212204-3AF33D4A071C45C88BD8B31829ACFD81,4724315,15,Pasture,true,cattle,0.0,4.811474414458971,1.0000000000000002
GO-5212204-3AF33D4A071C45C88BD8B31829ACFD81,4724435,15,Pasture,true,cattle,0.0,22.34928713382934,1.0000000000000004
GO-5212204-3AF33D4A071C45C88BD8B31829ACFD81,4724666,15,Pasture,true,cattle,0.0,5.276476680634155,0.9966392571951055
GO-5212204-3AF33D4A071C45C88BD8B31829ACFD81,4724667,15,Pasture,true,cattle,0.0,1.5768756475103527,0.9999999999999997
GO-5212204-3AF33D4A071C45C88BD8B31829ACFD81,4726605,15,Pasture,true,cattle,0.0,183.9185153965906,0.5189793826210901
GO-5212204-3C9A1ADACE5C48158FFB0E253DD25653,4486679,15,Pasture,true,cattle,0.0,43.15667342260291,0.9999999999999981
GO-5212204-3C9A1ADACE5C48158FFB0E253DD25653,4487511,15,Pasture,true,cattle,0.0,18.391611344994775,0.9999999999999997
GO-5212204-3C9A1ADACE5C48158FFB0E253DD25653,4488417,15,Pasture,true,cattle,0.0,12.139664266896606,0.9999999999999999
GO-5212204-3C9A1ADACE5C48158FFB0E253DD25653,4489596,15,Pasture,true,cattle,0.0,2.660582970283171,0.9999999999999996
GO-5212204-3C9A1ADACE5C48158FFB0E253DD25653,4489961,15,Pasture,true,cattle,0.0,4.784992874663918,0.9999999999999999
GO-5212204-3C9A1ADACE5C48158FFB0E253DD25653,4491684,15,Pasture,true,cattle,0.0,7.182457124632105,0.9998693048264294
GO-5212204-3C9A1ADACE5C48158FFB0E253DD25653,4492550,15,Pasture,true,cattle,0.0,4.258921892824595,1.0000000000000004
GO-5212204-3C9A1ADACE5C48158FFB0E253DD25653,4492655,15,Pasture,true,cattle,0.0,4.5623922143630775,0.9999999999999999
GO-5212204-3C9A1ADACE5C48158FFB0E253DD25653,4493023,15,Pasture,true,cattle,0.0,10.976075807108536,1.0000000000000002
GO-5212204-3C9A1ADACE5C48158FFB0E253DD25653,4498152,15,Pasture,true,cattle,0.0,9.15500467346242,1.0000000000000002
GO-5212204-3EC9EBA0E8B64C978796D37DE35E549F,4766627,15,Pasture,true,cattle,2.716818316042302,125.29406120970464,0.5129228835885228
GO-5212204-3EC9EBA0E8B64C978796D37DE35E549F,4773639,15,Pasture,true,cattle,0.28685838164956257,43.17834361550269,1.0000000000000002
GO-5212204-3EC9EBA0E8B64C978796D37DE35E549F,4774712,15,Pasture,true,cattle,0.0,16.727345414433863,0.9999999999999994
GO-5212204-3EC9EBA0E8B64C978796D37DE35E549F,4776224,15,Pasture,true,cattle,0.0,1.0005937859889535,1.0000000000000002
GO-5212204-3EC9EBA0E8B64C978796D37DE35E549F,4780061,15,Pasture,true,cattle,0.0,46.52268346112888,0.9998034168905208
GO-5212204-3EC9EBA0E8B64C978796D37DE35E549F,4787736,15,Pasture,true,cattle,0.0,1.1824830221567628,1.0000000000000002
GO-5212204-3EC9EBA0E8B64C978796D37DE35E549F,4792319,15,Pasture,true,cattle,0.0,45.62173312411062,0.9999851546287347
GO-5212204-44A20600D515455FBC21DE3D450D828B,4716876,15,Pasture,true,cattle,0.0,9.49163848163122,0.9996619947511719
GO-5212204-498B6B5D358E4981AEF4DE19AF27B399,4885680,39,Soybean,true,soya,0.0,114.06136899208222,1.0
GO-5212204-498B6B5D358E4981AEF4DE19AF27B399,4891875,39,Soybean,true,soya,0.0,48.87017978613698,1.0000000000000009
GO-5212204-498B6B5D358E4981AEF4DE19AF27B399,4899357,39,Soybean,true,soya,0.0,198.45265950726716,0.9999999999999998
GO-5212204-498B6B5D358E4981AEF4DE19AF27B399,4910227,39,Soybean,true,soya,0.0,229.09589004347794,0.9999999999999998
GO-5212204-498B6B5D358E4981AEF4DE19AF27B399,4916606,39,Soybean,true,soya,0.0,2.2730522651237757,1.0
GO-5212204-50D789C6D210454F80F32B313D791784,4727263,15,Pasture,true,cattle,0.0,26.0905845962007,0.9999999999999996
GO-5212204-50D789C6D210454F80F32B313D791784,4742280,15,Pasture,true,cattle,0.0,77.24714216877304,1.0000000000000002
GO-5212204-50D789C6D210454F80F32B313D791784,4747149,15,Pasture,true,cattle,0.0,1.182613011692411,1.0000000000000002
GO-5212204-50D789C6D210454F80F32B313D791784,4748917,15,Pasture,true,cattle,0.0,2.152947521607535,1.0
GO-5212204-50D789C6D210454F80F32B313D791784,4750014,15,Pasture,true,cattle,0.0,14.524932535766897,0.9999999999999998
GO-5212204-50D789C6D210454F80F32B313D791784,4808534,15,Pasture,true,cattle,0.2755528583097544,706.5779518056435,0.40000339680122166
GO-5212204-52E2FECF2A7042F2B0DC6B27138AADE6,4579082,15,Pasture,true,cattle,0.0,78.35421973551078,0.7421566067992191
GO-5212204-52E2FECF2A7042F2B0DC6B27138AADE6,4581408,15,Pasture,true,cattle,0.0,91.38863825093023,0.9999999999999997
GO-5212204-52E2FECF2A7042F2B0DC6B27138AADE6,4586115,15,Pasture,true,cattle,0.0,19.12249791737971,1.0000000000000002
GO-5212204-52E2FECF2A7042F2B0DC6B27138AADE6,4586380,15,Pasture,true,cattle,0.0,3.8426776022983913,0.9999999999999997
GO-5212204-52E2FECF2A7042F2B0DC6B27138AADE6,4586756,15,Pasture,true,cattle,0.0,106.88000341688979,0.9999825168638722
GO-5212204-52E2FECF2A7042F2B0DC6B27138AADE6,4595034,15,Pasture,true,cattle,0.0,48.872855710419515,1.0000000000000007
GO-5212204-52E2FECF2A7042F2B0DC6B27138AADE6,4598775,15,Pasture,true,cattle,0.0,1.7594839763905714,1.0000000000000007
GO-5212204-52E2FECF2A7042F2B0DC6B27138AADE6,4600054,15,Pasture,true,cattle,0.0,57.122804605717576,1.0
GO-5212204-52E2FECF2A7042F2B0DC6B27138AADE6,4603531,41,Other Temporary Crops,false,,0.0,60.67107865899971,1.0000000000000002
GO-5212204-52E2FECF2A7042F2B0DC6B27138AADE6,4608713,41,Other Temporary Crops,false,,0.0,9.889163903367145,1.0
GO-5212204-52E2FECF2A7042F2B0DC6B27138AADE6,4610339,41,Other Temporary Crops,false,,0.0,41.49811231745332,0.9999999999999997
GO-5212204-52E2FECF2A7042F2B0DC6B27138AADE6,4617737,15,Pasture,true,cattle,0.0,39.45394002113846,0.9999999999999997
GO-5212204-52E2FECF2A7042F2B0DC6B27138AADE6,4622893,15,Pasture,true,cattle,0.0,85.46971932129071,0.9999999999999998
GO-5212204-52E2FECF2A7042F2B0DC6B27138AADE6,4624678,15,Pasture,true,cattle,0.0,0.9706534339453098,1.0000000000000002
GO-5212204-52E2FECF2A7042F2B0DC6B27138AADE6,4627163,21,Mosaic of Uses,true,cattle,0.0,5.146497400008815,1.0
GO-5212204-52E2FECF2A7042F2B0DC6B27138AADE6,4630967,15,Pasture,true,cattle,0.0,1.455956467447531,1.0
GO-5212204-52E2FECF2A7042F2B0DC6B27138AADE6,4633842,15,Pasture,true,cattle,0.0,512.117906518516,0.9940627875422247
GO-5212204-52E2FECF2A7042F2B0DC6B27138AADE6,4637008,15,Pasture,true,cattle,0.0,194.8954259443029,0.9999999999999996
GO-5212204-52E2FECF2A7042F2B0DC6B27138AADE6,4639900,15,Pasture,true,cattle,0.0,89.72215598434389,1.0000000000000009
GO-5212204-52E2FECF2A7042F2B0DC6B27138AADE6,4644780,15,Pasture,true,cattle,0.0,0.9908072248544915,0.9999999999999992
GO-5212204-52E2FECF2A7042F2B0DC6B27138AADE6,4645819,15,Pasture,true,cattle,0.0,94.70484428313348,0.9999999999999999
GO-5212204-52E2FECF2A7042F2B0DC6B27138AADE6,4648058,15,Pasture,true,cattle,0.0,33.2424506219197,0.9999999999999998
GO-5212204-52E2FECF2A7042F2B0DC6B27138AADE6,4649024,15,Pasture,true,cattle,0.0,60.47998673967333,1.0000000000000002
GO-5212204-52E2FECF2A7042F2B0DC6B27138AADE6,4649257,15,Pasture,true,cattle,0.0,12.829802603021811,0.9999999999999997
GO-5212204-52E2FECF2A7042F2B0DC6B27138AADE6,4650405,15,Pasture,true,cattle,0.0,1.0110125401940473,0.9999999999999998
GO-5212204-52E2FECF2A7042F2B0DC6B27138AADE6,4656007,15,Pasture,true,cattle,0.0,74.95668628139863,1.0000000000000002
GO-5212204-52E2FECF2A7042F2B0DC6B27138AADE6,4656134,15,Pasture,true,cattle,0.0,165.96970934659498,1.0
GO-5212204-52E2FECF2A7042F2B0DC6B27138AADE6,4657238,15,Pasture,true,cattle,0.0,10.544699887383123,1.0
GO-5212204-52E2FECF2A7042F2B0DC6B27138AADE6,4658188,15,Pasture,true,cattle,0.0,28.33809017436122,1.0000000000000002
GO-5212204-52E2FECF2A7042F2B0DC6B27138AADE6,4665415,15,Pasture,true,cattle,0.0,126.53472622240142,1.0
GO-5212204-52E2FECF2A7042F2B0DC6B27138AADE6,4675435,15,Pasture,true,cattle,0.0,179.0621860015694,0.9993899049783677
GO-5212204-58CF696D8D4E433088EF08BC9873490F,4819511,15,Pasture,true,cattle,0.0,1.8796874294302968,0.9744747953863915
GO-5212204-59B661AA7FEB45408462F5CD9717FC56,4785818,15,Pasture,true,cattle,0.0,1.9203067450576625,0.9747168624794279
GO-5212204-59B661AA7FEB45408462F5CD9717FC56,4798946,15,Pasture,true,cattle,0.0,17.969450908619606,0.977848049965136
GO-5212204-59B661AA7FEB45408462F5CD9717FC56,4812629,15,Pasture,true,cattle,0.0,5.487529558498315,0.5417753919604247
GO-5212204-59B661AA7FEB45408462F5CD9717FC56,4815340,15,Pasture,true,cattle,0.0,244.01671473849933,0.7087575125760178
GO-5212204-59B661AA7FEB45408462F5CD9717FC56,4818450,15,Pasture,true,cattle,0.0,17.523696324582122,1.0000000000000002
GO-5212204-59B661AA7FEB45408462F5CD9717FC56,4838038,15,Pasture,true,cattle,0.6036009219641439,298.3920882963917,0.4557233518691445
GO-5212204-5A18ED37BE2448B2BF618ECD096BF499,4816071,15,Pasture,true,cattle,0.0,1.4754803619702712,0.9999999999999999
GO-5212204-5A18ED37BE2448B2BF618ECD096BF499,4821116,15,Pasture,true,cattle,0.0,7.569322185552749,1.0000000000000013
GO-5212204-5A18ED37BE2448B2BF618ECD096BF499,4828856,15,Pasture,true,cattle,0.0,3.8300055868569434,1.0000000000000004
GO-5212204-5A18ED37BE2448B2BF618ECD096BF499,4840486,15,Pasture,true,cattle,0.0,44.33191263292594,0.7542610568127937
GO-5212204-5A18ED37BE2448B2BF618ECD096BF499,4847197,15,Pasture,true,cattle,0.04818844831859588,145.18458187608408,0.8995831337404878
GO-5212204-5A626DA1611C4A4885618BD646CF0010,4523472,15,Pasture,true,cattle,0.0,1.1834168217584262,0.9995775281354099
GO-5212204-5A626DA1611C4A4885618BD646CF0010,4524988,15,Pasture,true,cattle,0.034627192450505245,1.6891480987882872,0.9999999999999996
GO-5212204-5A626DA1611C4A4885618BD646CF0010,4527761,15,Pasture,true,cattle,0.0,25.519022781599134,1.0
GO-5212204-5A626DA1611C4A4885618BD646CF0010,4529647,15,Pasture,true,cattle,0.0,4.3087773788466315,0.9999999999999998
GO-5212204-5A626DA1611C4A4885618BD646CF0010,4531535,15,Pasture,true,cattle,0.0,5.1684778480205456,1.0
GO-5212204-5A626DA1611C4A4885618BD646CF0010,4532517,15,Pasture,true,cattle,0.0,9.497362496474826,1.0
GO-5212204-5A626DA1611C4A4885618BD646CF0010,4533274,21,Mosaic of Uses,true,cattle,10.803708043856142,14.584793621762344,0.9999999999999998
GO-5212204-5A626DA1611C4A4885618BD646CF0010,4533560,15,Pasture,true,cattle,0.0,16.9215583474617,1.0000000000000002
GO-5212204-5A626DA1611C4A4885618BD646CF0010,4534201,15,Pasture,true,cattle,0.0,6.594564796445788,0.9999999999999998
GO-5212204-5A626DA1611C4A4885618BD646CF0010,4534332,15,Pasture,true,cattle,0.0,1.8913826925638602,1.0
GO-5212204-5A626DA1611C4A4885618BD646CF0010,4535707,15,Pasture,true,cattle,0.0,52.30132743069178,1.0000000000000004
GO-5212204-5A626DA1611C4A4885618BD646CF0010,4536860,15,Pasture,true,cattle,0.0,20.461317065253006,1.0000000000000004
GO-5212204-5A626DA1611C4A4885618BD646CF0010,4539638,15,Pasture,true,cattle,0.0,23.72780604824634,0.9999999999999996
GO-5212204-5A626DA1611C4A4885618BD646CF0010,4541662,15,Pasture,true,cattle,0.0,54.41384845315765,0.9999999999999996
GO-5212204-5A626DA1611C4A4885618BD646CF0010,4545680,15,Pasture,true,cattle,0.0,46.06959734320258,0.9999999999999994
GO-5212204-5A626DA1611C4A4885618BD646CF0010,4548317,15,Pasture,true,cattle,0.0,30.574134575992876,0.9999999999999994
GO-5212204-5A626DA1611C4A4885618BD646CF0010,4550322,15,Pasture,true,cattle,0.0,49.26466992380878,1.0000000000000004
GO-5212204-5A626DA1611C4A4885618BD646CF0010,4552113,15,Pasture,true,cattle,0.0,146.7041395437237,1.0000000000000004
GO-5212204-5A626DA1611C4A4885618BD646CF0010,4553381,15,Pasture,true,cattle,0.0,34.09358750977505,0.9999999999999994
GO-5212204-5A626DA1611C4A4885618BD646CF0010,4554136,15,Pasture,true,cattle,0.0,17.001023492435323,0.9999999999999998
GO-5212204-5A626DA1611C4A4885618BD646CF0010,4556129,15,Pasture,true,cattle,0.0,22.665058420295807,1.0
GO-5212204-5A626DA1611C4A4885618BD646CF0010,4556386,15,Pasture,true,cattle,0.0,38.41143785443111,1.0
GO-5212204-5A626DA1611C4A4885618BD646CF0010,4558564,15,Pasture,true,cattle,0.0,52.267711703815934,1.0000000000000007
GO-5212204-5A626DA1611C4A4885618BD646CF0010,4559550,15,Pasture,true,cattle,0.0,31.17016790774351,1.0000000000000004
GO-5212204-5A626DA1611C4A4885618BD646CF0010,4562765,15,Pasture,true,cattle,0.0,37.480373746575204,0.9999999999999997
GO-5212204-5A626DA1611C4A4885618BD646CF0010,4563171,15,Pasture,true,cattle,0.0,4.561235482165067,0.9999999999999999
GO-5212204-5A626DA1611C4A4885618BD646CF0010,4563971,15,Pasture,true,cattle,0.0,23.311760821640814,0.9999999999999997
GO-5212204-5A626DA1611C4A4885618BD646CF0010,4564472,15,Pasture,true,cattle,0.0,37.53057142167803,1.0000000000000004
GO-5212204-5A626DA1611C4A4885618BD646CF0010,4565320,15,Pasture,true,cattle,0.0,29.18755051262058,1.0000000000000002
GO-5212204-5A626DA1611C4A4885618BD646CF0010,4567394,15,Pasture,true,cattle,0.0,11.245991083877984,1.0
GO-5212204-5A626DA1611C4A4885618BD646CF0010,4567679,15,Pasture,true,cattle,0.0,2.1541597535279644,1.0
GO-5212204-5A626DA1611C4A4885618BD646CF0010,4568370,15,Pasture,true,cattle,0.0,51.345675441651,0.9999999999999997
GO-5212204-5A626DA1611C4A4885618BD646CF0010,4568502,15,Pasture,true,cattle,0.0,1.2439208387037068,0.9999999999999999
GO-5212204-5A626DA1611C4A4885618BD646CF0010,4569154,15,Pasture,true,cattle,0.0,58.99156938710015,1.0
GO-5212204-5A626DA1611C4A4885618BD646CF0010,4569262,15,Pasture,true,cattle,0.0,3.478998202928478,1.0000000000000002
GO-5212204-5A626DA1611C4A4885618BD646CF0010,4570209,15,Pasture,true,cattle,0.0,2.730588429095081,1.0000000000000002
GO-5212204-5A626DA1611C4A4885618BD646CF0010,4570675,15,Pasture,true,cattle,0.0,36.437740565919675,1.0000000000000002
GO-5212204-5A626DA1611C4A4885618BD646CF0010,4571466,15,Pasture,true,cattle,0.0,8.181512628303414,1.0
GO-5212204-5A626DA1611C4A4885618BD646CF0010,4571699,15,Pasture,true,cattle,0.0,13.784517363688797,1.0000000000000002
GO-5212204-5A626DA1611C4A4885618BD646CF0010,4572235,15,Pasture,true,cattle,0.0,37.98469574823818,0.9999999999999999
GO-5212204-5A626DA1611C4A4885618BD646CF0010,4572580,15,Pasture,true,cattle,0.0,2.295698859468,1.0000000000000002
GO-5212204-5A626DA1611C4A4885618BD646CF0010,4573502,15,Pasture,true,cattle,0.0,10.83102051274712,1.0
GO-5212204-5A626DA1611C4A4885618BD646CF0010,4573642,15,Pasture,true,cattle,0.0,9.385057262633083,1.0000000000000002
GO-5212204-5A626DA1611C4A4885618BD646CF0010,4573777,15,Pasture,true,cattle,0.0,10.163613304931049,1.0000000000000002
GO-5212204-5A626DA1611C4A4885618BD646CF0010,4574919,15,Pasture,true,cattle,0.0,23.654561357825813,0.9999999999999999
GO-5212204-5A626DA1611C4A4885618BD646CF0010,4575299,15,Pasture,true,cattle,0.0,10.193907267941006,1.0000000000000007
GO-5212204-5A626DA1611C4A4885618BD646CF0010,4577844,15,Pasture,true,cattle,0.0,10.800517122893114,1.0
GO-5212204-5A626DA1611C4A4885618BD646CF0010,4578253,15,Pasture,true,cattle,0.0,8.484742709889131,0.9999999999999998
GO-5212204-5A626DA1611C4A4885618BD646CF0010,4578950,15,Pasture,true,cattle,0.0,15.796298453259034,1.0000000000000004
GO-5212204-5A626DA1611C4A4885618BD646CF0010,4578951,15,Pasture,true,cattle,0.0,3.731666648658969,1.0
GO-5212204-5A626DA1611C4A4885618BD646CF0010,4579083,15,Pasture,true,cattle,0.0,4.348598490555554,0.9999999999999998
GO-5212204-5A626DA1611C4A4885618BD646CF0010,4579614,15,Pasture,true,cattle,0.0,8.707301130445073,0.9999999999999997
GO-5212204-5A626DA1611C4A4885618BD646CF0010,4579615,15,Pasture,true,cattle,0.0,1.1023171696670233,1.0
GO-5212204-5A626DA1611C4A4885618BD646CF0010,4580151,39,Soybean,true,soya,0.0,111.81055179700144,1.000000000000001
GO-5212204-5A626DA1611C4A4885618BD646CF0010,4581284,15,Pasture,true,cattle,0.0,4.682239516214116,0.9999999999999997
GO-5212204-5A626DA1611C4A4885618BD646CF0010,4582384,15,Pasture,true,cattle,0.0,9.27342744206661,0.9999999999999999
GO-5212204-5A626DA1611C4A4885618BD646CF0010,4582778,15,Pasture,true,cattle,0.0,20.175166958488226,0.9999999999999997
GO-5212204-5A626DA1611C4A4885618BD646CF0010,4583296,15,Pasture,true,cattle,0.0,21.691972664801927,0.9999999999999999
GO-5212204-5A626DA1611C4A4885618BD646CF0010,4583914,15,Pasture,true,cattle,0.0,10.143032186681578,1.0
GO-5212204-5A626DA1611C4A4885618BD646CF0010,4584813,15,Pasture,true,cattle,0.0,20.9130197940155,1.0
GO-5212204-5A626DA1611C4A4885618BD646CF0010,4585986,15,Pasture,true,cattle,0.0,21.96458813807361,0.9999999999999999
GO-5212204-5A626DA1611C4A4885618BD646CF0010,4586117,15,Pasture,true,cattle,0.0,6.512589830542622,1.0000000000000002
GO-5212204-5A626DA1611C4A4885618BD646CF0010,4586118,15,Pasture,true,cattle,0.0,10.790422733817767,0.9999999999999999
GO-5212204-5A626DA1611C4A4885618BD646CF0010,4590035,15,Pasture,true,cattle,0.0,27.000661528921768,1.0000000000000002
GO-5212204-5A626DA1611C4A4885618BD646CF0010,4591319,15,Pasture,true,cattle,0.0,10.456343277892461,1.0000000000000007
GO-5212204-5A626DA1611C4A4885618BD646CF0010,4591600,15,Pasture,true,cattle,0.0,19.830662595145366,0.9999999999999999
GO-5212204-5A626DA1611C4A4885618BD646CF0010,4593683,15,Pasture,true,cattle,0.0,10.66860725527521,1.0
GO-5212204-5A626DA1611C4A4885618BD646CF0010,4594219,39,Soybean,true,soya,0.0,94.47223051010074,1.0000000000000007
GO-5212204-5A626DA1611C4A4885618BD646CF0010,4594570,15,Pasture,true,cattle,0.0,8.838196165911686,1.0
GO-5212204-5A626DA1611C4A4885618BD646CF0010,4595518,15,Pasture,true,cattle,0.0,20.416870130476635,0.9999999999999999
GO-5212204-5A626DA1611C4A4885618BD646CF0010,4596233,15,Pasture,true,cattle,0.0,28.011394870991168,1.0000000000000002
GO-5212204-5A626DA1611C4A4885618BD646CF0010,4597255,15,Pasture,true,cattle,0.0,10.324652929571638,1.0
GO-5212204-5A626DA1611C4A4885618BD646CF0010,4599154,15,Pasture,true,cattle,0.0,22.14572731972457,0.9999999999999999
GO-5212204-5A626DA1611C4A4885618BD646CF0010,4600808,15,Pasture,true,cattle,0.0,89.0587374050169,0.9999999999999999
GO-5212204-5D9A52F2411D4BE8BE74CA5E1CEE15BF,4698596,15,Pasture,true,cattle,0.0,2.9720022713724363,0.9980857635778113
GO-5212204-5D9A52F2411D4BE8BE74CA5E1CEE15BF,4702015,15,Pasture,true,cattle,0.0,1.354568597380993,0.9999845045187765
GO-5212204-5D9A52F2411D4BE8BE74CA5E1CEE15BF,4705504,15,Pasture,true,cattle,0.0,4.387144246448302,0.9999543184533797
GO-5212204-5D9A52F2411D4BE8BE74CA5E1CEE15BF,4710027,15,Pasture,true,cattle,0.0,29.082650082269865,0.9999995417884816
GO-5212204-5EA91F9370294F8F8F9447882810DD0B,4502372,15,Pasture,true,cattle,0.0,26.554512883151084,0.9999999999999998
GO-5212204-5EA91F9370294F8F8F9447882810DD0B,4508589,15,Pasture,true,cattle,0.0,4.774589203046353,0.9999999999999999
GO-5212204-5EA91F9370294F8F8F9447882810DD0B,4513732,15,Pasture,true,cattle,0.0,117.53659643484133,0.999858777438637
GO-5212204-5EA91F9370294F8F8F9447882810DD0B,4520872,15,Pasture,true,cattle,0.0,5.249729118398152,0.9997972946353183
GO-5212204-5EA91F9370294F8F8F9447882810DD0B,4523357,15,Pasture,true,cattle,0.0,1.0418405776881672,1.0000000000000002
GO-5212204-5EA91F9370294F8F8F9447882810DD0B,4524207,15,Pasture,true,cattle,0.0,18.196904356101932,1.000000000000001
GO-5212204-5EA91F9370294F8F8F9447882810DD0B,4525227,15,Pasture,true,cattle,0.0,3.53008815997755,1.0
GO-5212204-5EA91F9370294F8F8F9447882810DD0B,4527201,15,Pasture,true,cattle,0.08152582965488415,265.203360468222,0.9999664896599655
GO-5212204-5EA91F9370294F8F8F9447882810DD0B,4527326,15,Pasture,true,cattle,0.0,64.31025293445583,0.9985970481587879
GO-5212204-5EA91F9370294F8F8F9447882810DD0B,4530573,15,Pasture,true,cattle,0.0,39.660262250800756,1.0000000000000002
GO-5212204-5EA91F9370294F8F8F9447882810DD0B,4534202,15,Pasture,true,cattle,0.0,23.111853853390944,0.9999999999999997
GO-5212204-5EA91F9370294F8F8F9447882810DD0B,4534482,15,Pasture,true,cattle,0.0,156.83350992842625,1.0000000000000004
GO-5212204-5EA91F9370294F8F8F9447882810DD0B,4535475,15,Pasture,true,cattle,0.0,10.357441958332386,0.9999999999999997
GO-5212204-5EA91F9370294F8F8F9447882810DD0B,4536474,15,Pasture,true,cattle,0.0,22.717536169039153,0.9999999999999999
GO-5212204-5EA91F9370294F8F8F9447882810DD0B,4536993,15,Pasture,true,cattle,0.0,5.562999932367262,1.0
GO-5212204-5EA91F9370294F8F8F9447882810DD0B,4537902,15,Pasture,true,cattle,0.0,52.18134009343241,0.999999999999999
GO-5212204-5EA91F9370294F8F8F9447882810DD0B,4539775,15,Pasture,true,cattle,0.0,56.26712765194063,1.0
GO-5212204-5EA91F9370294F8F8F9447882810DD0B,4540263,15,Pasture,true,cattle,0.0,2.2656509979398125,1.0000000000000002
GO-5212204-5EA91F9370294F8F8F9447882810DD0B,4541663,15,Pasture,true,cattle,0.0,24.56777671008542,1.0
GO-5212204-5EA91F9370294F8F8F9447882810DD0B,4541793,15,Pasture,true,cattle,0.0,3.9445759411067955,0.9999999999999998
GO-5212204-5EA91F9370294F8F8F9447882810DD0B,4543045,15,Pasture,true,cattle,0.0,54.487053121047374,0.9999999999999998
GO-5212204-5EA91F9370294F8F8F9447882810DD0B,4543417,15,Pasture,true,cattle,0.0,15.424546129276894,1.0000000000000007
GO-5212204-5EA91F9370294F8F8F9447882810DD0B,4544718,15,Pasture,true,cattle,0.0,47.20379254763077,1.0000000000000002
GO-5212204-5EA91F9370294F8F8F9447882810DD0B,4545047,15,Pasture,true,cattle,0.0,13.704884177730829,1.0000000000000007
GO-5212204-5EA91F9370294F8F8F9447882810DD0B,4545683,15,Pasture,true,cattle,0.0,1.3451847464484123,1.0000000000000002
GO-5212204-5EA91F9370294F8F8F9447882810DD0B,4546473,15,Pasture,true,cattle,0.0,5.6133607737182025,0.9999999999999999
GO-5212204-5EA91F9370294F8F8F9447882810DD0B,4546969,15,Pasture,true,cattle,0.0,5.259337297027706,0.9999999999999999
GO-5212204-5EA91F9370294F8F8F9447882810DD0B,4547349,15,Pasture,true,cattle,0.0,9.133032978540044,0.9999999999999997
GO-5212204-5EA91F9370294F8F8F9447882810DD0B,4548981,15,Pasture,true,cattle,0.0,14.311594962652514,0.9989409256423459
GO-5212204-5EA91F9370294F8F8F9447882810DD0B,4553891,15,Pasture,true,cattle,0.0,28.531710401927814,1.0000000000000004
GO-5212204-5EA91F9370294F8F8F9447882810DD0B,4555197,15,Pasture,true,cattle,0.0,50.64075414066126,1.0
GO-5212204-5EA91F9370294F8F8F9447882810DD0B,4555999,15,Pasture,true,cattle,0.0,22.432697647960765,0.9999999999999999
GO-5212204-5EA91F9370294F8F8F9447882810DD0B,4561540,15,Pasture,true,cattle,0.0,14.300961447202123,1.0
GO-5212204-5EA91F9370294F8F8F9447882810DD0B,4563172,15,Pasture,true,cattle,0.0,54.907804489295756,1.0000000000000002
GO-5212204-5EA91F9370294F8F8F9447882810DD0B,4564219,15,Pasture,true,cattle,0.0,52.42943695286765,1.0
GO-5212204-5EA91F9370294F8F8F9447882810DD0B,4564831,15,Pasture,true,cattle,0.0,24.141233411182455,1.0000000000000007
GO-5212204-5EA91F9370294F8F8F9447882810DD0B,4570340,15,Pasture,true,cattle,0.0,2.0024649280948004,0.9999999999999998
GO-5212204-5EA91F9370294F8F8F9447882810DD0B,4570951,15,Pasture,true,cattle,0.0,8.454874654556509,0.9999999999999998
GO-5212204-5EA91F9370294F8F8F9447882810DD0B,4571571,15,Pasture,true,cattle,0.0,16.27265059086241,1.0000000000000007
GO-5212204-5EA91F9370294F8F8F9447882810DD0B,4571833,15,Pasture,true,cattle,0.0,8.515569644289664,1.000000000000001
GO-5212204-5EA91F9370294F8F8F9447882810DD0B,4572115,15,Pasture,true,cattle,0.0,8.009873023075015,1.0000000000000007
GO-5212204-5EA91F9370294F8F8F9447882810DD0B,4574012,15,Pasture,true,cattle,0.0,76.3561109069591,1.0000000000000002
GO-5212204-618B314C50C54EEFBC18FB8B02538996,4697325,15,Pasture,true,cattle,0.0,107.71488516608736,0.9999999999999982
GO-5212204-618B314C50C54EEFBC18FB8B02538996,4700709,15,Pasture,true,cattle,0.0,10.341506968752523,0.9994053075341005
GO-5212204-618B314C50C54EEFBC18FB8B02538996,4701640,15,Pasture,true,cattle,0.0,3.649358457743169,0.9978504910590518
GO-5212204-618B314C50C54EEFBC18FB8B02538996,4706493,21,Mosaic of Uses,true,cattle,0.0,1.50620640863707,1.0000000000000007
GO-5212204-618B314C50C54EEFBC18FB8B02538996,4707272,15,Pasture,true,cattle,0.0,45.80345228513058,0.9999719014715287
GO-5212204-666FDE631E27448F908117041A14AAF7,4765308,15,Pasture,true,cattle,0.0,11.107739844042738,0.9959830524095563
GO-5212204-666FDE631E27448F908117041A14AAF7,4770778,15,Pasture,true,cattle,0.0,10.753829098639194,0.9999999999999993
GO-5212204-666FDE631E27448F908117041A14AAF7,4773000,15,Pasture,true,cattle,0.0,3.2443007039878657,0.9999999999999999
GO-5212204-66A905C03E3F44BA90A906FAEE4ECE22,4696684,15,Pasture,true,cattle,0.0,3.8009862298647388,0.9999999999999997
GO-5212204-66A905C03E3F44BA90A906FAEE4ECE22,4697744,15,Pasture,true,cattle,0.0,36.65582204917327,0.5118194400091417
GO-5212204-66A905C03E3F44BA90A906FAEE4ECE22,4703469,15,Pasture,true,cattle,0.0,5.8428896829905215,0.929912248431066
GO-5212204-66A905C03E3F44BA90A906FAEE4ECE22,4706211,15,Pasture,true,cattle,0.0,48.81625712241866,0.9998325564448975
GO-5212204-66A905C03E3F44BA90A906FAEE4ECE22,4712871,15,Pasture,true,cattle,0.0,10.502754476324158,1.0000000000000002
GO-5212204-67B7F23029D24ACFAC7656714A14C2DB,4894238,15,Pasture,true,cattle,0.0003633508257351884,75.2320105030892,1.0
GO-5212204-67B7F23029D24ACFAC7656714A14C2DB,4894338,15,Pasture,true,cattle,1.5236911945234863,273.45935046705,0.7403338227711969
GO-5212204-67B7F23029D24ACFAC7656714A14C2DB,4896424,15,Pasture,true,cattle,0.0,4.47584337283848,1.0000000000000002
GO-5212204-67B7F23029D24ACFAC7656714A14C2DB,4897344,15,Pasture,true,cattle,0.569556315215601,8.59809141738956,0.9999999999999994
GO-5212204-67B7F23029D24ACFAC7656714A14C2DB,4897476,15,Pasture,true,cattle,0.0,119.54880232881315,1.0000000000000004
GO-5212204-67B7F23029D24ACFAC7656714A14C2DB,4903857,21,Mosaic of Uses,true,cattle,10.74402097332412,10.699437717110722,0.9999999999999999
GO-5212204-67B7F23029D24ACFAC7656714A14C2DB,4908783,15,Pasture,true,cattle,0.4767144920664543,6.728627459165273,1.0000000000000007
GO-5212204-67B7F23029D24ACFAC7656714A14C2DB,4909423,15,Pasture,true,cattle,0.0,5.455653107770822,1.0
GO-5212204-67B7F23029D24ACFAC7656714A14C2DB,4910230,15,Pasture,true,cattle,0.0,35.94708613766351,1.0000000000000004
GO-5212204-67B7F23029D24ACFAC7656714A14C2DB,4912262,15,Pasture,true,cattle,0.0,3.4551657057232785,0.9999999999999996
GO-5212204-67B7F23029D24ACFAC7656714A14C2DB,4929726,21,Mosaic of Uses,true,cattle,0.0,216.62139016137365,0.9996914712113134
GO-5212204-67B7F23029D24ACFAC7656714A14C2DB,4936643,21,Mosaic of Uses,true,cattle,0.0,313.5580160660773,0.6458092527465947
GO-5212204-6A28AC5AF7BF4BEC8931E8E154D99AEE,4852435,41,Other Temporary Crops,false,,0.0,127.3075175541285,0.9999431502516116
GO-5212204-6A28AC5AF7BF4BEC8931E8E154D99AEE,4855572,15,Pasture,true,cattle,0.0,26.018737814456937,0.9999999999999982
GO-5212204-6A28AC5AF7BF4BEC8931E8E154D99AEE,4857933,15,Pasture,true,cattle,0.0,1.1114489710695568,1.0
GO-5212204-6A28AC5AF7BF4BEC8931E8E154D99AEE,4858205,15,Pasture,true,cattle,0.0,1.6368619073133475,0.9999999999999996
GO-5212204-6A28AC5AF7BF4BEC8931E8E154D99AEE,4858311,21,Mosaic of Uses,true,cattle,0.0,29.443530846881604,0.997169073416859
GO-5212204-6A28AC5AF7BF4BEC8931E8E154D99AEE,4859831,15,Pasture,true,cattle,0.0,5.9108583965810215,0.9999999999999996
GO-5212204-6A28AC5AF7BF4BEC8931E8E154D99AEE,4874690,41,Other Temporary Crops,false,,0.0,255.0140809166485,0.9999907637100415
GO-5212204-6A28AC5AF7BF4BEC8931E8E154D99AEE,4877640,41,Other Temporary Crops,false,,0.0,114.38381868837072,1.0
GO-5212204-6A28AC5AF7BF4BEC8931E8E154D99AEE,4881514,15,Pasture,true,cattle,0.0,1.869127534025718,1.0000000000000016
GO-5212204-6A28AC5AF7BF4BEC8931E8E154D99AEE,4891870,15,Pasture,true,cattle,0.0,156.7603157385085,0.9999999999999987
GO-5212204-6A28AC5AF7BF4BEC8931E8E154D99AEE,4894117,21,Mosaic of Uses,true,cattle,0.0,1.687176940205454,1.0
GO-5212204-6A28AC5AF7BF4BEC8931E8E154D99AEE,4895516,15,Pasture,true,cattle,0.0,26.701404843482578,1.0
GO-5212204-6A28AC5AF7BF4BEC8931E8E154D99AEE,4897609,21,Mosaic of Uses,true,cattle,0.0,78.36923302365217,0.9999999999999994
GO-5212204-6A28AC5AF7BF4BEC8931E8E154D99AEE,4898987,21,Mosaic of Uses,true,cattle,0.0,2.58628651339223,1.0000000000000002
GO-5212204-6A28AC5AF7BF4BEC8931E8E154D99AEE,4899217,21,Mosaic of Uses,true,cattle,0.0,255.70209499925906,0.9998120224427772
GO-5212204-6A28AC5AF7BF4BEC8931E8E154D99AEE,4900053,21,Mosaic of Uses,true,cattle,0.0,2.626693965814748,1.0000000000000002
GO-5212204-6A28AC5AF7BF4BEC8931E8E154D99AEE,4900173,15,Pasture,true,cattle,0.0,7.56670589591403,0.9999999999999998
GO-5212204-6A28AC5AF7BF4BEC8931E8E154D99AEE,4900328,21,Mosaic of Uses,true,cattle,0.0,1.252725403568904,1.0000000000000002
GO-5212204-6A28AC5AF7BF4BEC8931E8E154D99AEE,4900458,15,Pasture,true,cattle,0.0,23.993716444246832,1.000000000000001
GO-5212204-6A28AC5AF7BF4BEC8931E8E154D99AEE,4901561,15,Pasture,true,cattle,0.0,1.9497510685023498,1.0000000000000007
GO-5212204-6A28AC5AF7BF4BEC8931E8E154D99AEE,4902109,15,Pasture,true,cattle,0.0,117.62436790815588,1.0000000000000013
GO-5212204-6A28AC5AF7BF4BEC8931E8E154D99AEE,4903180,15,Pasture,true,cattle,0.0,8.728674158584765,1.0000000000000002
GO-5212204-6A28AC5AF7BF4BEC8931E8E154D99AEE,4904000,21,Mosaic of Uses,true,cattle,0.0,1.9699924518672793,0.9999999999999994
GO-5212204-6A28AC5AF7BF4BEC8931E8E154D99AEE,4904733,15,Pasture,true,cattle,0.0,9.890147231463965,1.0
GO-5212204-6A28AC5AF7BF4BEC8931E8E154D99AEE,4905014,15,Pasture,true,cattle,0.0,2.1719931408764603,0.9999999999999997
GO-5212204-6A28AC5AF7BF4BEC8931E8E154D99AEE,4905522,15,Pasture,true,cattle,0.0,25.821379802098576,0.9998157556979141
GO-5212204-6A28AC5AF7BF4BEC8931E8E154D99AEE,4906372,15,Pasture,true,cattle,0.0,17.628368091603935,1.0000000000000002
GO-5212204-6A28AC5AF7BF4BEC8931E8E154D99AEE,4911599,15,Pasture,true,cattle,0.0,30.95302797404087,0.9999999999999998
GO-5212204-6A28AC5AF7BF4BEC8931E8E154D99AEE,4914611,15,Pasture,true,cattle,0.0,349.98300546109374,0.93835162864508
GO-5212204-6A28AC5AF7BF4BEC8931E8E154D99AEE,4918929,15,Pasture,true,cattle,0.0,334.76972328211616,0.9999655513995611
GO-5212204-6A28AC5AF7BF4BEC8931E8E154D99AEE,4920906,21,Mosaic of Uses,true,cattle,0.0,194.1158854267626,0.9999999999999993
GO-5212204-6A28AC5AF7BF4BEC8931E8E154D99AEE,4923886,15,Pasture,true,cattle,0.0,89.82557760168761,0.8493785367886804
GO-5212204-6A28AC5AF7BF4BEC8931E8E154D99AEE,4924615,15,Pasture,true,cattle,0.0,197.2637708620173,0.8722581035268734
GO-5212204-6A28AC5AF7BF4BEC8931E8E154D99AEE,4931689,15,Pasture,true,cattle,0.0,87.53188616318354,0.9999825391545437
GO-5212204-6A4B85E2354A4B81ADED3D20E1226C9B,4976447,15,Pasture,true,cattle,0.0,11.797351789672653,0.9308487159450534
GO-5212204-709F48C8AFB1410A98BFB6AA16774C78,4953380,15,Pasture,true,cattle,0.0,1.909121582887535,0.9999999999999998
GO-5212204-709F48C8AFB1410A98BFB6AA16774C78,4965369,15,Pasture,true,cattle,0.0,9.676512176708432,0.9999999999999997
GO-5212204-722863690680490CA4C132CD628B76D4,4868117,15,Pasture,true,cattle,0.0,31.899457876156113,0.9882597804009258
GO-5212204-722863690680490CA4C132CD628B76D4,4874818,15,Pasture,true,cattle,0.0,7.3153594426706405,0.9999999999999998
GO-5212204-722863690680490CA4C132CD628B76D4,4881261,15,Pasture,true,cattle,0.0,6.082527647658576,1.0000000000000004
GO-5212204-72B57BA00A4A45EBA58D040A74E67562,4731094,15,Pasture,true,cattle,0.0,20.235817282792002,0.9986890499450662
GO-5212204-72B57BA00A4A45EBA58D040A74E67562,4732379,15,Pasture,true,cattle,0.0,6.7418628121853095,0.9575680422714277
GO-5212204-7E2ADE1A2C994C1FBE01A9E4115E49A1,4821487,39,Soybean,true,soya,0.0,91.2657550309595,0.9999935024622366
GO-5212204-7E2ADE1A2C994C1FBE01A9E4115E49A1,4832397,39,Soybean,true,soya,0.0,15.32980794852165,1.0000000000000007
GO-5212204-7E2ADE1A2C994C1FBE01A9E4115E49A1,4833141,39,Soybean,true,soya,0.0,15.72391167042513,0.9999999999999998
GO-5212204-7E8D8FBAA53747BCBB20329B57032F98,4580840,15,Pasture,true,cattle,0.0,43.02160220437346,0.9999999999999998
GO-5212204-7E8D8FBAA53747BCBB20329B57032F98,4583420,15,Pasture,true,cattle,0.0,24.18012562989416,1.0
GO-5212204-7E8D8FBAA53747BCBB20329B57032F98,4588125,15,Pasture,true,cattle,0.0,44.78022272892007,1.0
GO-5212204-7E8D8FBAA53747BCBB20329B57032F98,4589083,15,Pasture,true,cattle,0.0,62.07386338723727,0.9999999999999994
GO-5212204-7E8D8FBAA53747BCBB20329B57032F98,4589898,15,Pasture,true,cattle,0.0,19.1536975940734,1.0
GO-5212204-7E8D8FBAA53747BCBB20329B57032F98,4591465,15,Pasture,true,cattle,0.0,32.7652832786727,1.0
GO-5212204-7E8D8FBAA53747BCBB20329B57032F98,4591757,15,Pasture,true,cattle,0.0,17.72755356625012,1.0000000000000002
GO-5212204-7E8D8FBAA53747BCBB20329B57032F98,4595519,15,Pasture,true,cattle,0.0,3.3270111221328103,0.9999999999999998
GO-5212204-7E8D8FBAA53747BCBB20329B57032F98,4596625,15,Pasture,true,cattle,0.0,4.105652688621055,0.9999999999999997
GO-5212204-7E8D8FBAA53747BCBB20329B57032F98,4600690,15,Pasture,true,cattle,0.0,14.764275881931692,0.9987745194193985
GO-5212204-7E8D8FBAA53747BCBB20329B57032F98,4604389,15,Pasture,true,cattle,0.0,195.6776482463775,0.9606649122674984
GO-5212204-7E8D8FBAA53747BCBB20329B57032F98,4610840,15,Pasture,true,cattle,0.0,103.12284854978617,0.9994088787781499
GO-5212204-81F365C789534A84A8F8A35060DBF942,4983878,15,Pasture,true,cattle,0.0,1.4544055152578084,1.0
GO-5212204-81F365C789534A84A8F8A35060DBF942,4988380,15,Pasture,true,cattle,0.0,5.696382245098897,1.0000000000000002
GO-5212204-81F365C789534A84A8F8A35060DBF942,4991968,21,Mosaic of Uses,true,cattle,0.0,21.442080794581237,0.9985114536961778
GO-5212204-882C7F7A66AD4033AF778B7A4518A2B0,4653914,15,Pasture,true,cattle,0.0,112.51926425202552,0.9999975269681768
GO-5212204-882C7F7A66AD4033AF778B7A4518A2B0,4659939,15,Pasture,true,cattle,0.0,47.43667664449943,0.9999366532986912
GO-5212204-882C7F7A66AD4033AF778B7A4518A2B0,4663652,15,Pasture,true,cattle,0.0,20.34113274451104,0.9987630638215725
GO-5212204-89767A2A870E408092A410DDBAFF342D,4970910,21,Mosaic of Uses,true,cattle,0.0,1.0201481739839662,0.9999999999999998
GO-5212204-89767A2A870E408092A410DDBAFF342D,4976080,15,Pasture,true,cattle,0.0,1.2221416662072941,1.0000000000000002
GO-5212204-89767A2A870E408092A410DDBAFF342D,4977285,15,Pasture,true,cattle,0.08655437831458196,50.56325088285514,1.0000000000000004
GO-5212204-89767A2A870E408092A410DDBAFF342D,4980905,15,Pasture,true,cattle,0.0,10.776942312178326,1.0000000000000007
GO-5212204-8A0CEB45254E411682E58F7496344623,4861219,15,Pasture,true,cattle,0.0,2.051216288118742,0.9999999999999998
GO-5212204-8A0CEB45254E411682E58F7496344623,4863407,21,Mosaic of Uses,true,cattle,0.0,34.03202020300586,0.9942349291694644
GO-5212204-8A0CEB45254E411682E58F7496344623,4863799,15,Pasture,true,cattle,0.0,1.8187884780560157,1.0
GO-5212204-8A0CEB45254E411682E58F7496344623,4864850,15,Pasture,true,cattle,0.0,1.7480492154069291,0.9922706368953101
GO-5212204-8A0CEB45254E411682E58F7496344623,4870534,15,Pasture,true,cattle,0.0,14.883523759558287,0.8896373598312313
GO-5212204-8A0CEB45254E411682E58F7496344623,4877642,15,Pasture,true,cattle,0.0,53.08775261226712,0.9991116747830231
GO-5212204-8AE07816A270436D856E6EC821DE0A7B,4961584,15,Pasture,true,cattle,0.0,1.7373502555892708,1.0
GO-5212204-8AE07816A270436D856E6EC821DE0A7B,4964554,15,Pasture,true,cattle,0.09689984586030306,7.3029085853649605,1.0000000000000002
GO-5212204-8AE07816A270436D856E6EC821DE0A7B,4964682,15,Pasture,true,cattle,0.38898276215280664,37.93913254016252,0.9156367071922716
GO-5212204-8DD46E6D5E704E74AEFF1181E1B9A06F,4939952,15,Pasture,true,cattle,0.0,38.84176625201629,0.9995351951296764
GO-5212204-8DD46E6D5E704E74AEFF1181E1B9A06F,4940782,21,Mosaic of Uses,true,cattle,0.0,24.304844370335314,0.9989181783435576
GO-5212204-8DD46E6D5E704E74AEFF1181E1B9A06F,4943167,15,Pasture,true,cattle,0.0,18.172998330124067,0.9974135915753708
GO-5212204-8DD46E6D5E704E74AEFF1181E1B9A06F,4945850,15,Pasture,true,cattle,0.0,1.37380031473056,1.0000000000000002
GO-5212204-8DD46E6D5E704E74AEFF1181E1B9A06F,4946971,21,Mosaic of Uses,true,cattle,0.0,40.305361686028775,0.9999999999999999
GO-5212204-8DD46E6D5E704E74AEFF1181E1B9A06F,4950105,15,Pasture,true,cattle,0.0,24.233279707073013,0.9995390810862373
GO-5212204-8F9A53F42FEE4187BBBC3E66F68CEEBE,4949199,15,Pasture,true,cattle,0.0,1.2222848410371787,0.999899402605165
GO-5212204-8F9A53F42FEE4187BBBC3E66F68CEEBE,4961826,15,Pasture,true,cattle,0.0,41.99118952358567,0.6004283020596597
GO-5212204-8F9A53F42FEE4187BBBC3E66F68CEEBE,4971818,15,Pasture,true,cattle,0.0,87.93005900475161,0.7507214944418881
GO-5212204-8F9A53F42FEE4187BBBC3E66F68CEEBE,4974415,39,Soybean,true,soya,46.17420782619426,221.4353996136679,0.8813602106449673
GO-5212204-8F9A53F42FEE4187BBBC3E66F68CEEBE,4986427,39,Soybean,true,soya,0.7697041480062163,310.281536519167,0.47078472539401245
GO-5212204-8FCA16FDCA014D4CBDA3F9FCB4E9CC9B,4906770,15,Pasture,true,cattle,0.0,19.51900144549766,1.0000000000000009
GO-5212204-8FCA16FDCA014D4CBDA3F9FCB4E9CC9B,4910561,15,Pasture,true,cattle,0.0,1.4143753897303848,1.0
GO-5212204-8FCA16FDCA014D4CBDA3F9FCB4E9CC9B,4911467,15,Pasture,true,cattle,0.0,40.31045407370374,0.9993580702720319
GO-5212204-8FCA16FDCA014D4CBDA3F9FCB4E9CC9B,4912388,15,Pasture,true,cattle,0.0,39.411732158782485,0.9999999999999997
GO-5212204-8FCA16FDCA014D4CBDA3F9FCB4E9CC9B,4914776,15,Pasture,true,cattle,0.0,17.992775647087115,0.9999979285144699
GO-5212204-8FCA16FDCA014D4CBDA3F9FCB4E9CC9B,4915050,15,Pasture,true,cattle,0.0,19.49836108311211,1.0
GO-5212204-8FCA16FDCA014D4CBDA3F9FCB4E9CC9B,4917792,15,Pasture,true,cattle,0.0,57.100542415762924,0.9999266985642069
GO-5212204-8FCA16FDCA014D4CBDA3F9FCB4E9CC9B,4918930,21,Mosaic of Uses,true,cattle,0.0,1.4850613932265702,1.0000000000000004
GO-5212204-8FCA16FDCA014D4CBDA3F9FCB4E9CC9B,4919442,15,Pasture,true,cattle,0.0,6.950570990229542,0.9993937490411755
GO-5212204-950D2FF509934A06BF6812F6700B4B9D,4822098,39,Soybean,true,soya,0.0,3.6380364600581676,0.9927148874512152
GO-5212204-950D2FF509934A06BF6812F6700B4B9D,4826611,39,Soybean,true,soya,0.0,8.387617797552052,0.9998556121748206
GO-5212204-950D2FF509934A06BF6812F6700B4B9D,4832788,39,Soybean,true,soya,0.0,151.9254949736182,0.9982243622825864
GO-5212204-950D2FF509934A06BF6812F6700B4B9D,4835440,39,Soybean,true,soya,0.0,50.92030808700009,0.999524148988116
GO-5212204-9590B08FA4974D2786D41A9EB95C0A8E,4849030,15,Pasture,true,cattle,0.0,10.872893334886149,0.9968618590926024
GO-5212204-973E3F7C82CF4FBC87FD49A783C04134,4842664,15,Pasture,true,cattle,0.0,33.255645572315636,0.9994379668307544
GO-5212204-973E3F7C82CF4FBC87FD49A783C04134,4844250,15,Pasture,true,cattle,0.0,3.2537674422120157,1.0000000000000002
GO-5212204-973E3F7C82CF4FBC87FD49A783C04134,4847075,15,Pasture,true,cattle,0.0,1.9906399136646291,0.9939862772258896
GO-5212204-973E3F7C82CF4FBC87FD49A783C04134,4878890,39,Soybean,true,soya,0.0,300.8263200751034,0.5517497816376773
GO-5212204-980A3D0E49E84210B886D033F92512C9,4841597,15,Pasture,true,cattle,0.0,29.729334636023378,0.31860316520909143
GO-5212204-980A3D0E49E84210B886D033F92512C9,4846293,15,Pasture,true,cattle,0.0,6.618725621091205,0.9997219711906911
GO-5212204-980A3D0E49E84210B886D033F92512C9,4855082,15,Pasture,true,cattle,0.0,26.201702890665405,0.9444155442696368
GO-5212204-9984B6C557E04873B22A6C2C429981AB,4997895,15,Pasture,true,cattle,0.0,45.85266880561353,0.5427083693662723
GO-5212204-9984B6C557E04873B22A6C2C429981AB,4999722,15,Pasture,true,cattle,0.0,11.473008558509932,0.9999999999999997
GO-5212204-A4424F07EA5349C688955C67B8E5D443,4798947,15,Pasture,true,cattle,0.0,2.15268909543553,0.965508382001889
GO-5212204-ACA083B749944315972FE0795ACD12C3,4702017,15,Pasture,true,cattle,0.0,3.022529052200455,1.0
GO-5212204-ACA083B749944315972FE0795ACD12C3,4708337,15,Pasture,true,cattle,0.0,12.999681480384908,0.7361033246927954
GO-5212204-ADCB9B746C3B4DDF994A56429CECA7DB,4841235,15,Pasture,true,cattle,0.0,1.41471090570455,0.9999999999999999
GO-5212204-ADCB9B746C3B4DDF994A56429CECA7DB,4853654,15,Pasture,true,cattle,0.0,46.57364092139013,0.9233323592215054
GO-5212204-AE6A2EC35795457CBEB9C3256A5B2FB3,4646143,15,Pasture,true,cattle,0.0,289.9095992703474,0.999900887144681
GO-5212204-AE6A2EC35795457CBEB9C3256A5B2FB3,4647072,15,Pasture,true,cattle,0.0,29.17997185373336,0.9999999999999992
GO-5212204-AE6A2EC35795457CBEB9C3256A5B2FB3,4650524,15,Pasture,true,cattle,0.0,112.76317689979265,0.9999999167304956
GO-5212204-AE6A2EC35795457CBEB9C3256A5B2FB3,4652665,15,Pasture,true,cattle,0.0,54.11223426503658,1.0000000000000002
GO-5212204-AE6A2EC35795457CBEB9C3256A5B2FB3,4655709,15,Pasture,true,cattle,0.0,83.59377633795485,0.9999999999999997
GO-5212204-B09F3674DFFF46D7AB8D2101F77AFC10,4680639,15,Pasture,true,cattle,0.0,5.762338029674143,0.9999999999999999
GO-5212204-B09F3674DFFF46D7AB8D2101F77AFC10,4681776,15,Pasture,true,cattle,1.1992123598349458,28.54882965657395,0.9999999999999992
GO-5212204-B0DB916FE59C4F02AA797C8BBABA23EA,5036225,15,Pasture,true,cattle,0.0,1.6056987797876623,0.9999999999999994
GO-5212204-B0DB916FE59C4F02AA797C8BBABA23EA,5036919,15,Pasture,true,cattle,0.0,1.2118423089573533,1.0000000000000002
GO-5212204-BC0DD19983DE40DDA0F0E5BF93136C61,4717204,15,Pasture,true,cattle,0.0,7.005295879182676,0.9971389478661091
GO-5212204-BC0DD19983DE40DDA0F0E5BF93136C61,4725047,15,Pasture,true,cattle,0.0,78.56387707975513,0.6088580265842797
GO-5212204-BC0DD19983DE40DDA0F0E5BF93136C61,4726991,21,Mosaic of Uses,true,cattle,0.0,1.5768935511580864,1.0000000000000002
GO-5212204-BC0DD19983DE40DDA0F0E5BF93136C61,4727130,21,Mosaic of Uses,true,cattle,0.0,1.5263567080116798,0.9999999999999997
GO-5212204-BC0DD19983DE40DDA0F0E5BF93136C61,4728993,15,Pasture,true,cattle,0.0,1.5970984324932762,1.0
GO-5212204-BC0DD19983DE40DDA0F0E5BF93136C61,4729680,15,Pasture,true,cattle,0.0,1.768937400282614,0.9999999999999998
GO-5212204-BC0DD19983DE40DDA0F0E5BF93136C61,4731390,21,Mosaic of Uses,true,cattle,0.0,1.5060990508685002,1.0000000000000002
GO-5212204-BC0DD19983DE40DDA0F0E5BF93136C61,4731677,15,Pasture,true,cattle,0.0,23.167765349028482,0.9999999999999989
GO-5212204-BC0DD19983DE40DDA0F0E5BF93136C61,4732380,21,Mosaic of Uses,true,cattle,0.0,1.0006908830099126,1.0000000000000004
GO-5212204-BC0DD19983DE40DDA0F0E5BF93136C61,4735243,15,Pasture,true,cattle,0.0,2.3450267066939845,1.0
GO-5212204-BC0DD19983DE40DDA0F0E5BF93136C61,4735710,15,Pasture,true,cattle,0.0,3.7298238812036892,0.9999999999999998
GO-5212204-BC0DD19983DE40DDA0F0E5BF93136C61,4741028,21,Mosaic of Uses,true,cattle,0.03735176565145663,3.729765322129691,1.0000000000000004
GO-5212204-BC0DD19983DE40DDA0F0E5BF93136C61,4741159,15,Pasture,true,cattle,0.0,1.2735716440337677,1.0000000000000002
GO-5212204-BC0DD19983DE40DDA0F0E5BF93136C61,4745030,21,Mosaic of Uses,true,cattle,2.82047737328484,7.772811830177465,1.0
GO-5212204-BC0DD19983DE40DDA0F0E5BF93136C61,4746555,21,Mosaic of Uses,true,cattle,0.0,2.6482061731823348,0.9999999999999996
GO-5212204-BC0DD19983DE40DDA0F0E5BF93136C61,4746857,21,Mosaic of Uses,true,cattle,0.0,3.4163662211828116,1.0000000000000007
GO-5212204-BC0DD19983DE40DDA0F0E5BF93136C61,4747991,21,Mosaic of Uses,true,cattle,0.0,2.830127370115205,1.0000000000000002
GO-5212204-BC0DD19983DE40DDA0F0E5BF93136C61,4752211,15,Pasture,true,cattle,0.0,4.528159639065035,0.9999999999999997
GO-5212204-BC0DD19983DE40DDA0F0E5BF93136C61,4753074,15,Pasture,true,cattle,0.0,4.659529505026072,0.9999999999999996
GO-5212204-BC0DD19983DE40DDA0F0E5BF93136C61,4756621,15,Pasture,true,cattle,0.0,245.75558552744306,0.9984585343853297
GO-5212204-BC0DD19983DE40DDA0F0E5BF93136C61,4757873,15,Pasture,true,cattle,0.0,38.41820117776643,0.8077465619675863
GO-5212204-BC0DD19983DE40DDA0F0E5BF93136C61,4760817,15,Pasture,true,cattle,0.0,17.222770997668054,0.9999999999999993
GO-5212204-BC6E2EE9073D4CE6BCB517FA6E9EBF87,4868116,15,Pasture,true,cattle,0.0,24.391756096625407,0.6577065291396417
GO-5212204-BCCDDA00F01E4C72BA80402253DCB38A,4756619,15,Pasture,true,cattle,0.46506731981398136,117.29759565104798,0.7832588033690178
GO-5212204-BCCDDA00F01E4C72BA80402253DCB38A,4757459,15,Pasture,true,cattle,0.0,1.7586538630271134,0.9999999999999996
GO-5212204-BCCDDA00F01E4C72BA80402253DCB38A,4757871,15,Pasture,true,cattle,0.0,2.1022916714941315,1.0
GO-5212204-BCCDDA00F01E4C72BA80402253DCB38A,4760292,15,Pasture,true,cattle,0.0,29.94754888479707,0.9995997051188467
GO-5212204-BCCDDA00F01E4C72BA80402253DCB38A,4760952,15,Pasture,true,cattle,0.0,3.8912507881468934,1.0
GO-5212204-BCCDDA00F01E4C72BA80402253DCB38A,4762734,15,Pasture,true,cattle,0.0,2.8703873132534294,1.0
GO-5212204-BCCDDA00F01E4C72BA80402253DCB38A,4763326,15,Pasture,true,cattle,0.0,3.7699386768695238,1.0
GO-5212204-BE591775498E412EB7E493B69772012F,4980674,15,Pasture,true,cattle,0.0,2.1311078440149767,0.9999999999999998
GO-5212204-BE591775498E412EB7E493B69772012F,4995592,15,Pasture,true,cattle,0.0,162.69799921325287,0.7461592981946199
GO-5212204-C020E51A64DE4DFAA0647BE31783FF65,4932252,15,Pasture,true,cattle,0.0,1.0708120572295194,0.9999999999999998
GO-5212204-C020E51A64DE4DFAA0647BE31783FF65,4933668,15,Pasture,true,cattle,0.0,1.2526414039644334,0.9999999999999999
GO-5212204-C020E51A64DE4DFAA0647BE31783FF65,4938224,21,Mosaic of Uses,true,cattle,0.0,59.763424244081996,0.9991441605687538
GO-5212204-C1B09E9FD9214A2EA281C3801C9E1953,4791677,15,Pasture,true,cattle,0.0,34.11990168035714,0.9999999999999966
GO-5212204-C1B09E9FD9214A2EA281C3801C9E1953,4800974,15,Pasture,true,cattle,0.0,2.041442303569235,0.9999999999999994
GO-5212204-C1B09E9FD9214A2EA281C3801C9E1953,4810645,15,Pasture,true,cattle,0.0,4.193935512350237,1.0000000000000004
GO-5212204-C1B09E9FD9214A2EA281C3801C9E1953,4816606,15,Pasture,true,cattle,0.0,134.944118050123,0.999999999999999
GO-5212204-C1B09E9FD9214A2EA281C3801C9E1953,4820103,15,Pasture,true,cattle,0.0,41.95828203953859,0.9921563826854718
GO-5212204-C1B09E9FD9214A2EA281C3801C9E1953,4829616,15,Pasture,true,cattle,0.0,333.45676370391755,0.9999082161954778
GO-5212204-C36EFCBB660143D29A145ACEC1F9977C,4723102,15,Pasture,true,cattle,0.0,1.8296519136358016,0.9999999999999992
GO-5212204-C36EFCBB660143D29A145ACEC1F9977C,4723221,15,Pasture,true,cattle,0.0,68.27500105414904,0.9999970838074482
GO-5212204-C36EFCBB660143D29A145ACEC1F9977C,4727394,15,Pasture,true,cattle,0.0,60.722601990043394,1.0000000000000009
GO-5212204-C89768295EC14B488BC2A10A70813D1B,4649511,15,Pasture,true,cattle,0.0,3.5690003552440532,0.9999999999999993
GO-5212204-C89768295EC14B488BC2A10A70813D1B,4650406,15,Pasture,true,cattle,0.0,7.815419567896039,0.9999984195238607
GO-5212204-C89768295EC14B488BC2A10A70813D1B,4651293,15,Pasture,true,cattle,0.0,3.7408569238198717,0.9999999999999998
GO-5212204-C89768295EC14B488BC2A10A70813D1B,4651928,15,Pasture,true,cattle,0.0,4.023950083620946,0.9998836352502147
GO-5212204-C89768295EC14B488BC2A10A70813D1B,4653164,15,Pasture,true,cattle,0.0,3.9228218080065265,1.0
GO-5212204-C89768295EC14B488BC2A10A70813D1B,4653787,15,Pasture,true,cattle,0.0,4.711434220702972,0.9999999999999997
GO-5212204-C89768295EC14B488BC2A10A70813D1B,4659016,15,Pasture,true,cattle,0.0,34.72886346316248,0.9999493206812501
GO-5212204-C89768295EC14B488BC2A10A70813D1B,4660078,15,Pasture,true,cattle,0.0,67.74866346901253,0.9186178905850446
GO-5212204-C89768295EC14B488BC2A10A70813D1B,4660352,15,Pasture,true,cattle,0.0,6.611986575020173,0.999294678272363
GO-5212204-C89768295EC14B488BC2A10A70813D1B,4660353,15,Pasture,true,cattle,0.0,3.2150221618446366,0.9998254340037008
GO-5212204-C89768295EC14B488BC2A10A70813D1B,4663391,15,Pasture,true,cattle,0.0,4.1147686867986035,0.9999999999999991
GO-5212204-C89768295EC14B488BC2A10A70813D1B,4664181,15,Pasture,true,cattle,0.0,1.7591353795502775,1.0000000000000002
GO-5212204-C89768295EC14B488BC2A10A70813D1B,4664591,15,Pasture,true,cattle,0.0,1.314297616601131,1.0000000000000007
GO-5212204-C89768295EC14B488BC2A10A70813D1B,4664733,15,Pasture,true,cattle,0.0,1.8804554196679895,0.9999999999999997
GO-5212204-C89768295EC14B488BC2A10A70813D1B,4667768,15,Pasture,true,cattle,0.0,7.471202508932598,1.0000000000000002
GO-5212204-C89768295EC14B488BC2A10A70813D1B,4668173,15,Pasture,true,cattle,0.0,4.559558895299311,0.9990340552662597
GO-5212204-C89768295EC14B488BC2A10A70813D1B,4676639,15,Pasture,true,cattle,0.0,75.49915855062017,1.0
GO-5212204-C89768295EC14B488BC2A10A70813D1B,4687695,15,Pasture,true,cattle,0.0,64.48768792620696,0.999999999885977
GO-5212204-C89768295EC14B488BC2A10A70813D1B,4688420,15,Pasture,true,cattle,0.0,10.19016112358612,0.9999999999999997
GO-5212204-CA4C71E570B14DB591B595D9489A2B89,4988379,15,Pasture,true,cattle,0.0,5.150943780087245,1.0000000000000002
GO-5212204-CA4C71E570B14DB591B595D9489A2B89,4990625,15,Pasture,true,cattle,0.0,1.7371632360494713,0.870961477293078
GO-5212204-CA6A8154990C4D92B41EE734F4B8FEEB,4705782,15,Pasture,true,cattle,0.0,13.07052987274691,0.8941048327686154
GO-5212204-CA6A8154990C4D92B41EE734F4B8FEEB,4707392,15,Pasture,true,cattle,0.0,1.7993136566429093,1.0000000000000004
GO-5212204-CA6A8154990C4D92B41EE734F4B8FEEB,4711020,15,Pasture,true,cattle,0.0,3.861418277697437,0.9999999999999998
GO-5212204-CA6A8154990C4D92B41EE734F4B8FEEB,4712610,15,Pasture,true,cattle,0.0,1.6375524174248766,0.4422107888789711
GO-5212204-CC710126509D41038EA24A25CC12E236,4951153,15,Pasture,true,cattle,0.0,2.373810167709978,1.0000000000000002
GO-5212204-CC710126509D41038EA24A25CC12E236,4963126,21,Mosaic of Uses,true,cattle,0.0,114.94388134991455,0.9978819226740533
GO-5212204-CC710126509D41038EA24A25CC12E236,4963961,15,Pasture,true,cattle,0.0,39.63675115561281,0.8857561778677105
GO-5212204-CE5E071E653F445E8EA2609440D42C75,4728991,15,Pasture,true,cattle,0.0,9.27909033146641,0.9999999999999989
GO-5212204-CE5E071E653F445E8EA2609440D42C75,4730629,15,Pasture,true,cattle,0.0,14.151160728956645,0.9999999999999998
GO-5212204-CE5E071E653F445E8EA2609440D42C75,4730796,15,Pasture,true,cattle,0.0,1.1219803498169472,1.0000000000000002
GO-5212204-CE5E071E653F445E8EA2609440D42C75,4732665,15,Pasture,true,cattle,0.0,4.649570586380698,0.9999407004493762
GO-5212204-CE5E071E653F445E8EA2609440D42C75,4736822,15,Pasture,true,cattle,0.0,44.696928451003544,0.999999999999999
GO-5212204-CE5E071E653F445E8EA2609440D42C75,4737828,15,Pasture,true,cattle,0.0,20.124596612914516,0.9999999999999991
GO-5212204-CE5E071E653F445E8EA2609440D42C75,4738731,15,Pasture,true,cattle,0.0,1.4150677087589598,1.0
GO-5212204-CE5E071E653F445E8EA2609440D42C75,4741989,15,Pasture,true,cattle,0.0,32.3044383598977,0.9999999999999997
GO-5212204-CE5E071E653F445E8EA2609440D42C75,4745189,15,Pasture,true,cattle,0.0,81.97212958555666,1.0000000000000004
GO-5212204-CE5E071E653F445E8EA2609440D42C75,4746554,15,Pasture,true,cattle,0.0,44.533383938744706,0.9999829737820367
GO-5212204-CE5E071E653F445E8EA2609440D42C75,4748788,15,Pasture,true,cattle,0.0,16.49512705190607,0.9999999999999991
GO-5212204-CE5E071E653F445E8EA2609440D42C75,4748912,15,Pasture,true,cattle,0.0,58.58280073391483,0.9990083464773012
GO-5212204-CE5E071E653F445E8EA2609440D42C75,4749190,15,Pasture,true,cattle,0.0,24.844005580271435,1.0000000000000004
GO-5212204-CE5E071E653F445E8EA2609440D42C75,4757618,15,Pasture,true,cattle,0.0,11.552408763957953,1.0000000000000004
GO-5212204-CE5E071E653F445E8EA2609440D42C75,4759149,15,Pasture,true,cattle,0.0,64.81669207084825,0.9999263191742157
GO-5212204-CE5E071E653F445E8EA2609440D42C75,4761102,15,Pasture,true,cattle,0.0,1.0207997586403001,1.0
GO-5212204-CE5E071E653F445E8EA2609440D42C75,4763038,15,Pasture,true,cattle,0.0,31.088747113113005,0.99952474361123
GO-5212204-CE5E071E653F445E8EA2609440D42C75,4763040,15,Pasture,true,cattle,0.0,10.965988052758076,1.0000000000000002
GO-5212204-CE5E071E653F445E8EA2609440D42C75,4763918,15,Pasture,true,cattle,0.0,3.133113730888553,0.9999999999999993
GO-5212204-CE5E071E653F445E8EA2609440D42C75,4767341,15,Pasture,true,cattle,0.0,1.1925926330995398,1.0
GO-5212204-CE5E071E653F445E8EA2609440D42C75,4769607,15,Pasture,true,cattle,0.0,13.77543725638887,1.0
GO-5212204-CE5E071E653F445E8EA2609440D42C75,4770775,21,Mosaic of Uses,true,cattle,0.0,1.4048180366094405,0.9999999999999998
GO-5212204-CE5E071E653F445E8EA2609440D42C75,4771455,21,Mosaic of Uses,true,cattle,0.0,2.627718206718002,0.9999999999999999
GO-5212204-CE5E071E653F445E8EA2609440D42C75,4782621,15,Pasture,true,cattle,0.0,25.17505807449185,0.9999999999999993
GO-5212204-CE5E071E653F445E8EA2609440D42C75,4785677,15,Pasture,true,cattle,0.0,6.306237638813454,0.9999999999999998
GO-5212204-CE5E071E653F445E8EA2609440D42C75,4798517,15,Pasture,true,cattle,0.0,296.68871579705205,0.9992693928084296
GO-5212204-CFFEFFF2769A4055A61320097E500EB8,4884417,15,Pasture,true,cattle,0.0,45.86032110188136,0.9999999999999997
GO-5212204-CFFEFFF2769A4055A61320097E500EB8,4884809,15,Pasture,true,cattle,0.0,1.737789623732717,0.9999999999999998
GO-5212204-CFFEFFF2769A4055A61320097E500EB8,4920907,15,Pasture,true,cattle,0.0,168.50497841233323,0.9998430926639144
GO-5212204-D06FA1D1899847B1932E9F802BD14498,4670651,15,Pasture,true,cattle,0.0,36.900878921595144,0.9996920268796162
GO-5212204-D06FA1D1899847B1932E9F802BD14498,4671060,15,Pasture,true,cattle,0.0,14.183856225104996,0.9999999999999993
GO-5212204-D06FA1D1899847B1932E9F802BD14498,4677426,15,Pasture,true,cattle,0.0,9.775939760542965,0.9996644884131091
GO-5212204-D06FA1D1899847B1932E9F802BD14498,4685416,15,Pasture,true,cattle,0.0,18.398990872464438,0.9986945487424601
GO-5212204-D06FA1D1899847B1932E9F802BD14498,4697476,15,Pasture,true,cattle,0.0,44.91432813936564,0.9991885763341471
GO-5212204-D06FA1D1899847B1932E9F802BD14498,4698997,15,Pasture,true,cattle,0.0,85.38116574431147,0.521883692709092
GO-5212204-D7C048E5C31F4DA5A37066D256069D00,4981143,15,Pasture,true,cattle,0.0,6.807529821075519,0.9993363739993861
GO-5212204-D7C048E5C31F4DA5A37066D256069D00,4982794,15,Pasture,true,cattle,0.0,47.036407159455365,0.9998461283647838
GO-5212204-D7C048E5C31F4DA5A37066D256069D00,4982795,15,Pasture,true,cattle,0.0,20.917594086989023,0.7201927652146215
GO-5212204-D7C048E5C31F4DA5A37066D256069D00,4984661,15,Pasture,true,cattle,0.0,8.01943346150313,1.0000000000000002
GO-5212204-D99E7FB413AF499E8845CAA36FC4353B,4947324,15,Pasture,true,cattle,0.0,27.527142215803366,1.0000000000000002
GO-5212204-D99E7FB413AF499E8845CAA36FC4353B,4951801,15,Pasture,true,cattle,0.0,7.485221464907096,0.9999999999999994
GO-5212204-D99E7FB413AF499E8845CAA36FC4353B,4953381,15,Pasture,true,cattle,0.0,4.919422367588708,0.8731632261811846
GO-5212204-DA0E3C866893466CA994D0B0178498F2,4791050,15,Pasture,true,cattle,0.0,4.315660454167212,0.9999999999999998
GO-5212204-DA0E3C866893466CA994D0B0178498F2,4791446,15,Pasture,true,cattle,0.0,1.1521689109270408,1.0000000000000002
GO-5212204-DA0E3C866893466CA994D0B0178498F2,4793264,15,Pasture,true,cattle,0.0,20.13276484027508,1.0000000000000002
GO-5212204-DA0E3C866893466CA994D0B0178498F2,4794954,15,Pasture,true,cattle,0.0,2.354852374434019,0.9977575224054039
GO-5212204-DA0E3C866893466CA994D0B0178498F2,4797664,15,Pasture,true,cattle,0.0,25.570364103439516,1.0000000000000004
GO-5212204-DA0E3C866893466CA994D0B0178498F2,4799623,39,Soybean,true,soya,0.0,6.963429306316021,0.9999999999999996
GO-5212204-DA0E3C866893466CA994D0B0178498F2,4800030,39,Soybean,true,soya,0.0,32.50292777808447,1.0000000000000007
GO-5212204-DA0E3C866893466CA994D0B0178498F2,4800275,39,Soybean,true,soya,0.0,3.2947542194792723,0.9999999999999996
GO-5212204-DA0E3C866893466CA994D0B0178498F2,4800415,15,Pasture,true,cattle,0.0,3.6484572771299746,0.9996938004791097
GO-5212204-DA0E3C866893466CA994D0B0178498F2,4801109,39,Soybean,true,soya,0.0,4.345793929975049,1.0000000000000009
GO-5212204-DA0E3C866893466CA994D0B0178498F2,4801688,15,Pasture,true,cattle,0.0,2.1021368843667623,0.999263494391138
GO-5212204-DA0E3C866893466CA994D0B0178498F2,4801831,39,Soybean,true,soya,0.0,21.96172155887437,0.9999999999999999
GO-5212204-DA0E3C866893466CA994D0B0178498F2,4803678,15,Pasture,true,cattle,0.0,5.467596450183168,0.9988163910352674
GO-5212204-DA0E3C866893466CA994D0B0178498F2,4803830,39,Soybean,true,soya,0.0,14.513145889024097,0.9998401733683009
GO-5212204-DA0E3C866893466CA994D0B0178498F2,4809074,15,Pasture,true,cattle,0.0,16.756216898211846,0.9999999999999993
GO-5212204-DA0E3C866893466CA994D0B0178498F2,4809075,39,Soybean,true,soya,0.0,30.258364845930004,1.0000000000000007
GO-5212204-DA0E3C866893466CA994D0B0178498F2,4810055,39,Soybean,true,soya,0.0,1.3036913331109663,1.0000000000000002
GO-5212204-DA0E3C866893466CA994D0B0178498F2,4816069,39,Soybean,true,soya,0.0,20.858976830949473,0.9987085571130812
GO-5212204-DD210C6E045D48DCBBE38A2FAEEE5520,4988675,15,Pasture,true,cattle,0.0,10.423033876735222,1.0000000000000002
GO-5212204-DD210C6E045D48DCBBE38A2FAEEE5520,4990388,15,Pasture,true,cattle,0.0,14.83674801887345,0.8835598704037223
GO-5212204-DD210C6E045D48DCBBE38A2FAEEE5520,4990623,15,Pasture,true,cattle,0.0,4.181293649302263,0.9999999999999998
GO-5212204-DD210C6E045D48DCBBE38A2FAEEE5520,4993065,15,Pasture,true,cattle,0.0,10.584546403641781,0.8653377411553778
GO-5212204-DD210C6E045D48DCBBE38A2FAEEE5520,4993179,15,Pasture,true,cattle,0.0,1.0907609222614618,1.0000000000000002
GO-5212204-DD210C6E045D48DCBBE38A2FAEEE5520,4993695,15,Pasture,true,cattle,0.0,2.7269072433560004,0.9999999999999998
GO-5212204-DD210C6E045D48DCBBE38A2FAEEE5520,4994360,15,Pasture,true,cattle,0.0,2.696600762202098,1.0000000000000002
GO-5212204-E8645BFEDF4047F3B7A323A4137BD120,4848366,15,Pasture,true,cattle,0.0,40.9346502569101,0.6969076788418468
GO-5212204-E8645BFEDF4047F3B7A323A4137BD120,4848912,15,Pasture,true,cattle,0.0,3.6680060955082654,0.9999999999999994
GO-5212204-E8645BFEDF4047F3B7A323A4137BD120,4867853,15,Pasture,true,cattle,0.0,101.35566169622678,0.9998386757396491
GO-5212204-ED546975E9DA42B19C6ED84E8C72955E,4960855,15,Pasture,true,cattle,0.0,28.474776120094855,0.9999596863913708
GO-5212204-ED546975E9DA42B19C6ED84E8C72955E,4966111,15,Pasture,true,cattle,0.0,90.98782932397602,0.9999540776403856
GO-5212204-F17BEA20B17148C1ADB4BD53A04EC448,4410776,39,Soybean,true,soya,0.0,127.47109942317964,1.0
GO-5212204-F17BEA20B17148C1ADB4BD53A04EC448,4419422,15,Pasture,true,cattle,0.0,11.333716471169954,1.0000000000000002
GO-5212204-F17BEA20B17148C1ADB4BD53A04EC448,4460491,15,Pasture,true,cattle,0.0,0.9915511951763996,1.0
GO-5212204-F17BEA20B17148C1ADB4BD53A04EC448,4460612,15,Pasture,true,cattle,0.0,357.3372627666929,0.9999953057796466
GO-5212204-F17BEA20B17148C1ADB4BD53A04EC448,4469426,39,Soybean,true,soya,0.0,110.5363117796127,0.9999999999999991
GO-5212204-F17BEA20B17148C1ADB4BD53A04EC448,4473425,15,Pasture,true,cattle,0.0,7.577957251414328,0.9999999999999992
GO-5212204-F17BEA20B17148C1ADB4BD53A04EC448,4477069,15,Pasture,true,cattle,0.0,19.84039459652453,1.000000000000001
GO-5212204-F17BEA20B17148C1ADB4BD53A04EC448,4477178,15,Pasture,true,cattle,0.0,2.7013219634053782,0.9999999999999989
GO-5212204-F17BEA20B17148C1ADB4BD53A04EC448,4479563,15,Pasture,true,cattle,0.0,3.6927847843048576,1.0
GO-5212204-F17BEA20B17148C1ADB4BD53A04EC448,4483799,15,Pasture,true,cattle,0.0,2.6405527673044884,0.9999999999999987
GO-5212204-F17BEA20B17148C1ADB4BD53A04EC448,4484628,15,Pasture,true,cattle,0.0,134.4374089482076,1.0
GO-5212204-F17BEA20B17148C1ADB4BD53A04EC448,4485207,15,Pasture,true,cattle,0.0,3.7837646022458795,1.0
GO-5212204-F17BEA20B17148C1ADB4BD53A04EC448,4487231,15,Pasture,true,cattle,0.0,265.36165784935355,0.9989669852045759
GO-5212204-F17BEA20B17148C1ADB4BD53A04EC448,4492763,15,Pasture,true,cattle,0.0,28.033640646028683,1.0000000000000013
GO-5212204-F17BEA20B17148C1ADB4BD53A04EC448,4496403,41,Other Temporary Crops,false,,0.12932424484070615,126.01459492615516,1.0000000000000002
GO-5212204-F17BEA20B17148C1ADB4BD53A04EC448,4501929,15,Pasture,true,cattle,0.0,17.501459128939114,0.9999999999999999
GO-5212204-F17BEA20B17148C1ADB4BD53A04EC448,4503266,15,Pasture,true,cattle,0.0,6.656551985287793,0.9999999999999998
GO-5212204-F17BEA20B17148C1ADB4BD53A04EC448,4504210,15,Pasture,true,cattle,0.0,9.914181737684682,1.0
GO-5212204-F17BEA20B17148C1ADB4BD53A04EC448,4505124,15,Pasture,true,cattle,0.0,5.371812483925843,0.9999999999999999
GO-5212204-F17BEA20B17148C1ADB4BD53A04EC448,4508839,41,Other Temporary Crops,false,,0.0,129.720955776998,0.9999999999999997
GO-5212204-F17BEA20B17148C1ADB4BD53A04EC448,4509807,41,Other Temporary Crops,false,,0.0,75.28597642156883,0.9999999999999997
GO-5212204-F17BEA20B17148C1ADB4BD53A04EC448,4511047,15,Pasture,true,cattle,0.0,242.40654077947022,0.7095938330590406
GO-5212204-F17BEA20B17148C1ADB4BD53A04EC448,4514042,15,Pasture,true,cattle,0.0,1.082420493041287,0.9999999999999998
GO-5212204-F17BEA20B17148C1ADB4BD53A04EC448,4516117,15,Pasture,true,cattle,0.0,180.83502654794884,0.9999982386089882
GO-5212204-F17BEA20B17148C1ADB4BD53A04EC448,4516243,15,Pasture,true,cattle,0.0,16.03371414189992,1.0000000000000002
GO-5212204-F17BEA20B17148C1ADB4BD53A04EC448,4516730,15,Pasture,true,cattle,0.0,48.91076320156632,0.9999999999999991
GO-5212204-F17BEA20B17148C1ADB4BD53A04EC448,4522435,15,Pasture,true,cattle,0.0,93.76173458185427,0.9999993713156714
GO-5212204-F17BEA20B17148C1ADB4BD53A04EC448,4525991,15,Pasture,true,cattle,0.0,69.1200365620534,1.0000000000000007
GO-5212204-F17BEA20B17148C1ADB4BD53A04EC448,4531042,15,Pasture,true,cattle,0.0,215.63837116034608,0.9999999999999972
GO-5212204-F3A12BE84DF7404989ED34657671EADE,4954958,15,Pasture,true,cattle,0.0,20.575851832488233,0.9999999999999997
GO-5212204-F3A12BE84DF7404989ED34657671EADE,4960853,15,Pasture,true,cattle,0.0,82.87758474068913,1.0
GO-5212204-F3A12BE84DF7404989ED34657671EADE,4963693,15,Pasture,true,cattle,0.0,38.331693886885965,1.0000000000000004
GO-5212204-F3A12BE84DF7404989ED34657671EADE,4965149,15,Pasture,true,cattle,0.0,1.9089942554455233,1.0000000000000004
GO-5212204-F3A12BE84DF7404989ED34657671EADE,4966499,15,Pasture,true,cattle,0.0,21.423049640706672,1.0000000000000002
GO-5212204-F3A12BE84DF7404989ED34657671EADE,4967954,15,Pasture,true,cattle,0.0,1.6261475697557755,1.0
GO-5212204-F3A12BE84DF7404989ED34657671EADE,4971143,15,Pasture,true,cattle,0.0,15.100024406744444,0.9999999999999994
GO-5212204-F3A12BE84DF7404989ED34657671EADE,4972444,15,Pasture,true,cattle,0.0,96.68198728761458,0.9948594803044083
GO-5212204-F3A12BE84DF7404989ED34657671EADE,4973899,15,Pasture,true,cattle,0.0,838.2027215802838,0.9999566874437048
GO-5212204-F3A12BE84DF7404989ED34657671EADE,4977395,15,Pasture,true,cattle,0.0,7.251930319020084,1.0000000000000004
GO-5212204-F3A12BE84DF7404989ED34657671EADE,4978125,15,Pasture,true,cattle,0.0,44.32895034745707,0.9997346020269711
GO-5212204-F9D8CEEE683C4CF0AA64F517381CE6A0,4662428,15,Pasture,true,cattle,0.0,19.391367592250955,1.0000000000000002
GO-5212204-F9D8CEEE683C4CF0AA64F517381CE6A0,4663393,15,Pasture,true,cattle,0.0,22.414446587333366,1.0000000000000009
GO-5212204-F9D8CEEE683C4CF0AA64F517381CE6A0,4668436,15,Pasture,true,cattle,0.0,19.87622888501302,1.0000000000000002
GO-5212204-F9D8CEEE683C4CF0AA64F517381CE6A0,4669057,15,Pasture,true,cattle,0.0,21.908481525005698,1.0
GO-5212204-F9D8CEEE683C4CF0AA64F517381CE6A0,4669848,15,Pasture,true,cattle,0.0,14.497784824924619,1.0
GO-5212204-F9D8CEEE683C4CF0AA64F517381CE6A0,4670088,15,Pasture,true,cattle,0.0,132.58537542332513,0.999985162157411
GO-5212204-F9D8CEEE683C4CF0AA64F517381CE6A0,4678539,15,Pasture,true,cattle,0.0,13.901000141881596,0.9999999999999998
GO-5212204-F9D8CEEE683C4CF0AA64F517381CE6A0,4680093,15,Pasture,true,cattle,0.0,19.006294392414667,0.9999999999999996
GO-5212204-F9D8CEEE683C4CF0AA64F517381CE6A0,4682725,15,Pasture,true,cattle,0.0,123.97510732736471,0.9999999999999998
GO-5212204-F9D8CEEE683C4CF0AA64F517381CE6A0,4682976,15,Pasture,true,cattle,0.0,144.43890661628689,0.9644364300497374
GO-5212204-FFA9CF9AB45940F9BFA6ABCCF2A34EC0,4708961,21,Mosaic of Uses,true,cattle,0.0,1.9307235574411974,0.9990050345611475
GO-5212204-FFA9CF9AB45940F9BFA6ABCCF2A34EC0,4709371,15,Pasture,true,cattle,0.0,3.123523053019732,0.9871709747551466
GO-5212204-FFA9CF9AB45940F9BFA6ABCCF2A34EC0,4716215,15,Pasture,true,cattle,0.0,17.386341595893168,0.9979760180685339
GO-5212204-FFA9CF9AB45940F9BFA6ABCCF2A34EC0,4716596,15,Pasture,true,cattle,0.0,6.287356339663219,0.9999999999999997
GO-5219258-021D6EEAC0FE4976868FEBAAD4C9056C,4602772,15,Pasture,true,cattle,0.0,1.7595526156490464,0.9999999999999993
GO-5219258-021D6EEAC0FE4976868FEBAAD4C9056C,4604631,21,Mosaic of Uses,true,cattle,0.0,41.259904575603024,1.0000000000000004
GO-5219258-021D6EEAC0FE4976868FEBAAD4C9056C,4604632,21,Mosaic of Uses,true,cattle,0.0,125.85615082368774,0.9999999999999994
GO-5219258-021D6EEAC0FE4976868FEBAAD4C9056C,4604884,15,Pasture,true,cattle,0.0,15.74501290601977,0.9999999999999997
GO-5219258-021D6EEAC0FE4976868FEBAAD4C9056C,4605122,15,Pasture,true,cattle,0.0,0.980890681619297,1.0000000000000002
GO-5219258-021D6EEAC0FE4976868FEBAAD4C9056C,4606428,21,Mosaic of Uses,true,cattle,0.0,1.041589027835777,1.0000000000000002
GO-5219258-021D6EEAC0FE4976868FEBAAD4C9056C,4606429,15,Pasture,true,cattle,0.0,27.11238099847968,1.0000000000000004
GO-5219258-021D6EEAC0FE4976868FEBAAD4C9056C,4606556,21,Mosaic of Uses,true,cattle,0.0,1.1831649478543766,1.0000000000000004
GO-5219258-021D6EEAC0FE4976868FEBAAD4C9056C,4607309,15,Pasture,true,cattle,0.0,14.91573805148021,1.0
GO-5219258-021D6EEAC0FE4976868FEBAAD4C9056C,4607428,15,Pasture,true,cattle,0.0,17.44378578768964,1.0000000000000002
GO-5219258-021D6EEAC0FE4976868FEBAAD4C9056C,4608353,21,Mosaic of Uses,true,cattle,0.0,5.5315581090306924,1.0
GO-5219258-021D6EEAC0FE4976868FEBAAD4C9056C,4609821,15,Pasture,true,cattle,0.0,37.902252485248844,0.9999999999999989
GO-5219258-021D6EEAC0FE4976868FEBAAD4C9056C,4610700,15,Pasture,true,cattle,0.0,37.73849147638069,0.9999999999999996
GO-5219258-021D6EEAC0FE4976868FEBAAD4C9056C,4611951,21,Mosaic of Uses,true,cattle,0.0,24.350964216989748,1.0000000000000009
GO-5219258-021D6EEAC0FE4976868FEBAAD4C9056C,4612865,15,Pasture,true,cattle,0.0,13.65146068597938,1.0
GO-5219258-021D6EEAC0FE4976868FEBAAD4C9056C,4612866,15,Pasture,true,cattle,0.0,3.26630388912575,0.9999999999999999
GO-5219258-021D6EEAC0FE4976868FEBAAD4C9056C,4613369,15,Pasture,true,cattle,0.0,14.783981087549257,0.9999999999999998
GO-5219258-021D6EEAC0FE4976868FEBAAD4C9056C,4613752,15,Pasture,true,cattle,0.0,41.00506284432914,0.9999999999999994
GO-5219258-021D6EEAC0FE4976868FEBAAD4C9056C,4615338,15,Pasture,true,cattle,0.0,4.66157392333881,1.0
GO-5219258-021D6EEAC0FE4976868FEBAAD4C9056C,4615906,15,Pasture,true,cattle,0.0,4.681811268694993,1.0000000000000007
GO-5219258-021D6EEAC0FE4976868FEBAAD4C9056C,4616159,15,Pasture,true,cattle,0.0,85.7830289874352,0.9999999999999999
GO-5219258-021D6EEAC0FE4976868FEBAAD4C9056C,4618268,15,Pasture,true,cattle,0.0,16.07793852044733,1.0000000000000009
GO-5219258-021D6EEAC0FE4976868FEBAAD4C9056C,4618916,15,Pasture,true,cattle,0.0,20.82036468818089,1.0000000000000002
GO-5219258-021D6EEAC0FE4976868FEBAAD4C9056C,4619786,15,Pasture,true,cattle,0.0,10.192645737995761,0.9999999999999993
GO-5219258-021D6EEAC0FE4976868FEBAAD4C9056C,4622028,15,Pasture,true,cattle,0.0,152.57802362151543,0.9999999999999996
GO-5219258-021D6EEAC0FE4976868FEBAAD4C9056C,4622288,15,Pasture,true,cattle,0.0,4.044799808029661,0.9999999999999998
GO-5219258-021D6EEAC0FE4976868FEBAAD4C9056C,4622797,15,Pasture,true,cattle,0.0,84.43433687276632,0.999999999999999
GO-5219258-021D6EEAC0FE4976868FEBAAD4C9056C,4626523,15,Pasture,true,cattle,0.0,6.633383010719991,1.0000000000000002
GO-5219258-6D5094743E1043679D24C466E4814A0D,4627165,15,Pasture,true,cattle,0.0,9.77789681492527,1.0
GO-5219258-6D5094743E1043679D24C466E4814A0D,4647429,15,Pasture,true,cattle,0.0,249.53516270558598,0.9999445487183974
GO-5219258-782BD54A308C45BEA6E4184FDA795ED5,4526524,15,Pasture,true,cattle,0.0,36.425373566459896,0.9752784401767731
GO-5219258-782BD54A308C45BEA6E4184FDA795ED5,4528616,15,Pasture,true,cattle,0.0,3.7325021367890265,1.0000000000000004
GO-5219258-782BD54A308C45BEA6E4184FDA795ED5,4531163,15,Pasture,true,cattle,0.0,57.829438419125346,0.786701567052721
GO-5219258-782BD54A308C45BEA6E4184FDA795ED5,4538702,15,Pasture,true,cattle,0.0,49.62429511631293,1.0000000000000002
GO-5219258-782BD54A308C45BEA6E4184FDA795ED5,4551379,15,Pasture,true,cattle,0.0,169.9291365907939,0.8399346679763068
GO-5219258-790AA7BBD80648C79EF9210095176353,4670363,15,Pasture,true,cattle,0.0,1.0110287484724876,1.0
GO-5219258-790AA7BBD80648C79EF9210095176353,4682981,15,Pasture,true,cattle,0.0,4.155182916875443,1.0000000000000004
GO-5219258-790AA7BBD80648C79EF9210095176353,4684962,21,Mosaic of Uses,true,cattle,0.0,53.07799864204967,0.9999996224748617
GO-5219258-790AA7BBD80648C79EF9210095176353,4696832,15,Pasture,true,cattle,0.0,256.7510945652008,0.6824072100474758
GO-5219258-803E3D97C5A8498CBB0C2DFE0F2EB8E7,4603429,15,Pasture,true,cattle,0.0,35.24244274854107,1.0000000000000007
GO-5219258-803E3D97C5A8498CBB0C2DFE0F2EB8E7,4604242,21,Mosaic of Uses,true,cattle,0.0,74.44935204554965,1.0000000000000004
GO-5219258-803E3D97C5A8498CBB0C2DFE0F2EB8E7,4635522,21,Mosaic of Uses,true,cattle,0.0,102.40230515670692,0.9999300477320711
GO-5219258-D8B970A69F30415F9FDEE84663A2210B,4548183,15,Pasture,true,cattle,0.0,16.74969879253607,0.9999999999999997
GO-5219258-D8B970A69F30415F9FDEE84663A2210B,4549266,15,Pasture,true,cattle,0.0,120.41275076090295,0.9999999999999994
GO-5219258-D8B970A69F30415F9FDEE84663A2210B,4551956,15,Pasture,true,cattle,0.0,92.23198715224703,0.9999999999999989
GO-5219258-D8B970A69F30415F9FDEE84663A2210B,4555464,15,Pasture,true,cattle,0.0,10.65003635382666,0.9999999999999999
GO-5219258-D8B970A69F30415F9FDEE84663A2210B,4558700,15,Pasture,true,cattle,0.0,42.12500223346016,1.0000000000000004
GO-5219258-D8B970A69F30415F9FDEE84663A2210B,4559816,15,Pasture,true,cattle,0.0,19.004563301170393,0.9999999999999996
GO-5219258-D8B970A69F30415F9FDEE84663A2210B,4560341,15,Pasture,true,cattle,0.0,61.44299407223497,1.0000000000000004
GO-5219258-D8B970A69F30415F9FDEE84663A2210B,4561682,15,Pasture,true,cattle,0.0,52.622611705420724,1.0
GO-5219258-D8B970A69F30415F9FDEE84663A2210B,4562917,15,Pasture,true,cattle,0.0,70.29309910270398,1.0000000000000002
GO-5219258-D8B970A69F30415F9FDEE84663A2210B,4563550,15,Pasture,true,cattle,0.0,5.178336396707878,0.9999999999999999
GO-5219258-D8B970A69F30415F9FDEE84663A2210B,4566119,15,Pasture,true,cattle,0.0,19.56091366966774,0.9999999999999996
GO-5219258-D8B970A69F30415F9FDEE84663A2210B,4568915,15,Pasture,true,cattle,0.0,21.27911770786111,0.999575146325339
GO-5219258-D8B970A69F30415F9FDEE84663A2210B,4570678,15,Pasture,true,cattle,0.0,10.154175884242141,0.9999999999999991
GO-5219258-D8B970A69F30415F9FDEE84663A2210B,4577845,15,Pasture,true,cattle,0.0,265.6032947817037,0.6659874654374323
GO-5219258-D8B970A69F30415F9FDEE84663A2210B,4582283,15,Pasture,true,cattle,0.4388010003216964,3.064319867005758,1.0
GO-5219258-D8B970A69F30415F9FDEE84663A2210B,4585220,15,Pasture,true,cattle,1.1765513782271597,75.65877349010536,0.9999891529379371
GO-5219258-E7F86639E6404DC4AD9B8DBFAFFB112B,4640775,15,Pasture,true,cattle,0.0,14.883620167342654,0.9996623425494208
GO-5219258-E7F86639E6404DC4AD9B8DBFAFFB112B,4645922,15,Pasture,true,cattle,0.0,22.274527830333966,0.999987061157238
GO-5219258-E7F86639E6404DC4AD9B8DBFAFFB112B,4646409,15,Pasture,true,cattle,0.0,2.527736355466478,1.0000000000000007
GO-5219258-E7F86639E6404DC4AD9B8DBFAFFB112B,4646697,15,Pasture,true,cattle,0.0,2.5479521174694146,0.9999999999999999
GO-5219258-E7F86639E6404DC4AD9B8DBFAFFB112B,4647185,15,Pasture,true,cattle,0.0,7.734883563792324,0.9999999999999998
GO-5219258-E7F86639E6404DC4AD9B8DBFAFFB112B,4647431,15,Pasture,true,cattle,0.0,3.1545928064995374,0.9999999999999998
GO-5219258-E7F86639E6404DC4AD9B8DBFAFFB112B,4648188,15,Pasture,true,cattle,0.0,11.981407077919386,0.9993294029772897
GO-5219258-E7F86639E6404DC4AD9B8DBFAFFB112B,4649026,15,Pasture,true,cattle,0.0,3.953352945540873,0.9999999999999997
GO-5219258-E7F86639E6404DC4AD9B8DBFAFFB112B,4651799,15,Pasture,true,cattle,0.0,17.00636004045259,1.0
GO-5219258-E7F86639E6404DC4AD9B8DBFAFFB112B,4657524,15,Pasture,true,cattle,0.0,31.49441231738877,0.9991398621023642
GO-5219258-E7F86639E6404DC4AD9B8DBFAFFB112B,4659940,15,Pasture,true,cattle,3.1087037557025057,7.3806818324007155,0.9999999999999996
GO-5219258-E7F86639E6404DC4AD9B8DBFAFFB112B,4666249,15,Pasture,true,cattle,0.01108573684782536,52.49367806301678,0.9999997990976667
GO-5219258-E7F86639E6404DC4AD9B8DBFAFFB112B,4679024,15,Pasture,true,cattle,0.0,4.994252266097633,0.9998432150874561
GO-5219258-E7F86639E6404DC4AD9B8DBFAFFB112B,4681515,15,Pasture,true,cattle,0.0,1.496223998273769,0.990500220282006
