input_row,submission_key,supplied_cod_imovel,resolved_cod_imovel,resolution_method,match_score,resolution_candidate_count,resolution_status,axes_repaired
1,70411b9723a74e2fc2fcf1526795ae8c,GO-5207600-E22FF9A4A75344D3994CB002B90B6686,GO-5207600-E22FF9A4A75344D3994CB002B90B6686,id_exact,1.0,1,resolved,false
2,53d0fb0907a4350244c029edafaf4374,GO-5212204-011050C9BC804D77A80A4F161A120C5A,GO-5212204-011050C9BC804D77A80A4F161A120C5A,id_exact,1.0,1,resolved,false
3,90434153707ba3f972feba024430cd5d,GO-5212204-0E3C72FBAFCA4422AE312548AA7331C0,GO-5212204-0E3C72FBAFCA4422AE312548AA7331C0,id_exact,1.0,1,resolved,false
4,560216e25f9e3131957e7119dc44140c,GO-5212204-0F4C0661AD054C0883A19B9670A7A0F0,GO-5212204-0F4C0661AD054C0883A19B9670A7A0F0,id_exact,1.0,1,resolved,false
5,e45fb693dc2a59305e6049084ae7b6d8,GO-5212204-118F8241E57F4C21AF20F2486C2316F9,GO-5212204-118F8241E57F4C21AF20F2486C2316F9,id_exact,1.0,1,resolved,false
6,cdf52031f0ed51e5c02f1a39db7191a0,GO-5212204-1388D04145DA42C49E1692A41D96CDB5,GO-5212204-1388D04145DA42C49E1692A41D96CDB5,id_exact,1.0,1,resolved,false
7,3b29b20e27b74f41e59f69168ff65a8f,,GO-5212204-15108D4D7C134B8D9E71E50A2ED2E605,point_containment,1.0,1,resolved,false
8,28dcd44e21e8700bf217cdc85f7bfea4,GO-5212204-156094615E67476AB099D9F46F6C0655,GO-5212204-156094615E67476AB099D9F46F6C0655,id_exact,1.0,1,resolved,false
9,70d0f3ff633ef606542357b5ceb2947c,GO-5212204-162DBAFE85134130B3480CF2ED130BFA,GO-5212204-162DBAFE85134130B3480CF2ED130BFA,id_exact,1.0,1,resolved,false
10,00478c7a201ac85b6c17b36ed2b025ee,GO-5212204-16833B91FD32494C864B458F765C0755,GO-5212204-16833B91FD32494C864B458F765C0755,id_exact,1.0,1,resolved,false
11,05836528b88de209c45d59f1008b9ab2,GO-5212204-1C88EF1B3499490DB39608D89AA62FA5,GO-5212204-1C88EF1B3499490DB39608D89AA62FA5,id_exact,1.0,1,resolved,false
12,1ce72306b085a66540079b9cd6d9092c,GO-5212204-1E2963990BB04DAF9B1A8E86549F116C,GO-5212204-1E2963990BB04DAF9B1A8E86549F116C,id_exact,1.0,1,resolved,false
13,9a821207526766ef7504a3cf99da8417,GO-5212204-20FBD72E32A74011BE0C063F4C507E80,GO-5212204-20FBD72E32A74011BE0C063F4C507E80,id_exact,1.0,1,resolved,false
14,f9045e338ec2a276dda6fbf7c6ce5a00,GO-5212204-230E3EB4EA894130A1CF632779C35DF4,GO-5212204-230E3EB4EA894130A1CF632779C35DF4,id_exact,1.0,1,resolved,false
15,add799edefa272f898735ba9c8347c6a,GO-5212204-24550295C0BD4B61B04260CF073F0784,GO-5212204-24550295C0BD4B61B04260CF073F0784,id_exact,1.0,1,resolved,false
16,22358c6d7ed430e529373b33ad723d99,GO-5212204-24978B3823B34D09AA76633A5DD8CFE2,GO-5212204-24978B3823B34D09AA76633A5DD8CFE2,id_exact,1.0,1,resolved,false
17,b114b4f7b02ff710cc7b78733830fb0d,GO-5212204-27018A8454A847469C4A947E06A1A23E,GO-5212204-27018A8454A847469C4A947E06A1A23E,id_exact,1.0,1,resolved,false
18,32c203eba47cb98f8a878992c4dd27ad,GO-5212204-2849994015EF46DB90DE964061CB16A2,GO-5212204-2849994015EF46DB90DE964061CB16A2,id_exact,1.0,1,resolved,false
19,befefdd8fcbe3ddcaa7e43d55d1ebe1e,GO-5212204-28658426F94C46068323D3A6FEE33470,GO-5212204-28658426F94C46068323D3A6FEE33470,id_exact,1.0,1,resolved,false
20,3db691cbcec08145be9138fabcf4339c,GO-5212204-294B806F6169468E98BB3456EC5158A4,GO-5212204-294B806F6169468E98BB3456EC5158A4,id_exact,1.0,1,resolved,false
21,d9ddbe22c847464e8d25d1d17b72e661,GO-5212204-2AD669448DED4EF59B8729DE50E7DEE2,GO-5212204-2AD669448DED4EF59B8729DE50E7DEE2,id_exact,1.0,1,resolved,false
22,d578e569ed2aeded14d1fa522a13af07,GO-5212204-2B296F3D835C44D7BF1AD385C1D519A9,GO-5212204-2B296F3D835C44D7BF1AD385C1D519A9,id_exact,1.0,1,resolved,false
23,12a7ea24dcba0700768d074a1af5ac75,GO-5212204-2C904799081B439BB5AC023234C7073F,GO-5212204-2C904799081B439BB5AC023234C7073F,id_exact,1.0,1,resolved,false
24,e8d0f885686bfc627461e8e4bf8646ca,GO-5212204-2CC9462D520645069EBCBC7EA3D33548,GO-5212204-2CC9462D520645069EBCBC7EA3D33548,id_exact,1.0,1,resolved,false
25,3c9204c1d1676937757dc69a2b6d11a7,GO-5212204-304A3F0280604EAC866922F896EC2AF5,GO-5212204-304A3F0280604EAC866922F896EC2AF5,id_exact,1.0,1,resolved,false
26,3bcb24c2da8ef69a4f0912d12b78b9f4,GO-5212204-32E6D42B795F4D54B06D6D8C2709096C,GO-5212204-32E6D42B795F4D54B06D6D8C2709096C,id_exact,1.0,1,resolved,false
27,8f78b7a19cc0b0a8c1df4ed94e678f7f,GO-5212204-3AF33D4A071C45C88BD8B31829ACFD81,GO-5212204-3AF33D4A071C45C88BD8B31829ACFD81,id_exact,1.0,1,resolved,false
28,e84ffb8fa5507c7d0a6c2af3246f6e10,GO-5212204-3C9A1ADACE5C48158FFB0E253DD25653,GO-5212204-3C9A1ADACE5C48158FFB0E253DD25653,id_exact,1.0,1,resolved,false
29,f84811557ca3756d1330368e0cff1c67,GO-5212204-3EC9EBA0E8B64C978796D37DE35E549F,GO-5212204-3EC9EBA0E8B64C978796D37DE35E549F,id_exact,1.0,1,resolved,false
30,5e83ccbf48fe86a4193146d05ad83a15,GO-5212204-44A20600D515455FBC21DE3D450D828B,GO-5212204-44A20600D515455FBC21DE3D450D828B,id_exact,1.0,1,resolved,false
31,07b3a41bf7114e467f4bd88611a35e25,GO-5212204-498B6B5D358E4981AEF4DE19AF27B399,GO-5212204-498B6B5D358E4981AEF4DE19AF27B399,id_exact,1.0,1,resolved,false
32,2dcace3a923ea5fd42be3ce9eb8df6ad,GO-5212204-4C368AF214CE46F5BD8982CDA10FD865,GO-5212204-4C368AF214CE46F5BD8982CDA10FD865,id_exact,1.0,1,resolved,false
33,5339c078ae31a2c3a51197c413da2046,GO-5212204-50D789C6D210454F80F32B313D791784,GO-5212204-50D789C6D210454F80F32B313D791784,id_exact,1.0,1,resolved,false
34,29c07adfaabcf528fef2e15381db93a6,GO-5212204-52E2FECF2A7042F2B0DC6B27138AADE6,GO-5212204-52E2FECF2A7042F2B0DC6B27138AADE6,id_exact,1.0,1,resolved,false
35,ac0c873af020a750e452207bf1b140cd,GO-5212204-57B761BC972B4CF1ACB6FB3191344583,GO-5212204-57B761BC972B4CF1ACB6FB3191344583,id_exact,1.0,1,resolved,false
36,dd6245e57dcedb418d6e8a91c8e684f2,GO-5212204-58CF696D8D4E433088EF08BC9873490F,GO-5212204-58CF696D8D4E433088EF08BC9873490F,id_exact,1.0,1,resolved,false
37,d3919b6b8caac1119553bc1b3aba1a05,GO-5212204-59B661AA7FEB45408462F5CD9717FC56,GO-5212204-59B661AA7FEB45408462F5CD9717FC56,id_exact,1.0,1,resolved,false
38,4a1b5b5b3fd3176b7ba0c74e1ccd0269,GO-5212204-5A18ED37BE2448B2BF618ECD096BF499,GO-5212204-5A18ED37BE2448B2BF618ECD096BF499,id_exact,1.0,1,resolved,false
39,12d4bee7d65e45bad9848805eaff5232,GO-5212204-5A626DA1611C4A4885618BD646CF0010,GO-5212204-5A626DA1611C4A4885618BD646CF0010,id_exact,1.0,1,resolved,false
40,24f7ce687f304f9004c7fbf928d82ea5,GO-5212204-5D9A52F2411D4BE8BE74CA5E1CEE15BF,GO-5212204-5D9A52F2411D4BE8BE74CA5E1CEE15BF,id_exact,1.0,1,resolved,false
41,5417cb578c7aa51e12b815653f0dbad9,GO-5212204-5EA91F9370294F8F8F9447882810DD0B,GO-5212204-5EA91F9370294F8F8F9447882810DD0B,id_exact,1.0,1,resolved,false
42,235a52c5f315f238e87c24b501660b93,GO-5212204-618B314C50C54EEFBC18FB8B02538996,GO-5212204-618B314C50C54EEFBC18FB8B02538996,id_exact,1.0,1,resolved,false
43,cb71dc243742b787844b8fb488f8d39f,GO-5212204-666FDE631E27448F908117041A14AAF7,GO-5212204-666FDE631E27448F908117041A14AAF7,id_exact,1.0,1,resolved,false
44,cdd37c216a357f1c44c73af52c5ffeff,GO-5212204-66A905C03E3F44BA90A906FAEE4ECE22,GO-5212204-66A905C03E3F44BA90A906FAEE4ECE22,id_exact,1.0,1,resolved,false
45,4419f659b608909f666d81cc007b8b97,GO-5212204-67B7F23029D24ACFAC7656714A14C2DB,GO-5212204-67B7F23029D24ACFAC7656714A14C2DB,id_exact,1.0,1,resolved,false
46,35c5bc42e0ea0deb88445f34c81ea877,,GO-5212204-6A28AC5AF7BF4BEC8931E8E154D99AEE,polygon_geometric_match,0.999999999999999,1,resolved,false
47,2b5919b0b3048db8fb188a234335f9a3,GO-5212204-6A4B85E2354A4B81ADED3D20E1226C9B,GO-5212204-6A4B85E2354A4B81ADED3D20E1226C9B,id_exact,1.0,1,resolved,false
48,d3be656cef72a889b0d49b8a45213f60,GO-5212204-709F48C8AFB1410A98BFB6AA16774C78,GO-5212204-709F48C8AFB1410A98BFB6AA16774C78,id_exact,1.0,1,resolved,false
49,ef8062fd23a658741bffa161f90fc78b,GO-5212204-722863690680490CA4C132CD628B76D4,GO-5212204-722863690680490CA4C132CD628B76D4,id_exact,1.0,1,resolved,false
50,30c11be8768380c1a9899d5ace652787,GO-5212204-72B57BA00A4A45EBA58D040A74E67562,GO-5212204-72B57BA00A4A45EBA58D040A74E67562,id_exact,1.0,1,resolved,false
51,b4a9d0c749a7fa44029a03523503b89f,GO-5212204-7E2ADE1A2C994C1FBE01A9E4115E49A1,GO-5212204-7E2ADE1A2C994C1FBE01A9E4115E49A1,id_exact,1.0,1,resolved,false
52,864aa561aeb3bdb92f6bb11b1e9e2ddf,GO-5212204-7E8D8FBAA53747BCBB20329B57032F98,GO-5212204-7E8D8FBAA53747BCBB20329B57032F98,id_exact,1.0,1,resolved,false
53,e172b652b7845c5520730b4fd39a4a0f,GO-5212204-81F365C789534A84A8F8A35060DBF942,GO-5212204-81F365C789534A84A8F8A35060DBF942,id_exact,1.0,1,resolved,false
54,214957360b76ef3799b980406f442ecc,GO-5212204-882C7F7A66AD4033AF778B7A4518A2B0,GO-5212204-882C7F7A66AD4033AF778B7A4518A2B0,id_exact,1.0,1,resolved,false
55,a397efe82f0aae2f29706f652d33df81,GO-5212204-88C69561AE0B4505AB651AE37A00D04E,GO-5212204-88C69561AE0B4505AB651AE37A00D04E,id_exact,1.0,1,resolved,false
56,c251c004312644d15b897a01a04c0eed,GO-5212204-89767A2A870E408092A410DDBAFF342D,GO-5212204-89767A2A870E408092A410DDBAFF342D,id_exact,1.0,1,resolved,false
57,298c25575c03e061aa2a2d99d0ce3cb9,GO-5212204-8A0CEB45254E411682E58F7496344623,GO-5212204-8A0CEB45254E411682E58F7496344623,id_exact,1.0,1,resolved,false
58,d6d608ba76bad99fc033a8571c41f89f,GO-5212204-8AE07816A270436D856E6EC821DE0A7B,GO-5212204-8AE07816A270436D856E6EC821DE0A7B,id_exact,1.0,1,resolved,false
59,3718e0a0d9b14fe67fa40800a1e5b470,GO-5212204-8C2ACD4A01B64F69807B969C95EEE9FC,GO-5212204-8C2ACD4A01B64F69807B969C95EEE9FC,id_exact,1.0,1,resolved,false
60,c8678eecc23d8c1544970f9ae649dea9,GO-5212204-8D44AFB4390A42E39D43C06628182C81,GO-5212204-8D44AFB4390A42E39D43C06628182C81,id_exact,1.0,1,resolved,false
61,929acb34ba0bf6b44a1dc8c7ed6cb7b8,GO-5212204-8DD46E6D5E704E74AEFF1181E1B9A06F,GO-5212204-8DD46E6D5E704E74AEFF1181E1B9A06F,id_exact,1.0,1,resolved,false
62,3218f7332475d212ecf7273fd62cca23,GO-5212204-8F9A53F42FEE4187BBBC3E66F68CEEBE,GO-5212204-8F9A53F42FEE4187BBBC3E66F68CEEBE,id_exact,1.0,1,resolved,false
63,c9900e4639fddb211ada8b01bf93a341,GO-5212204-8FCA16FDCA014D4CBDA3F9FCB4E9CC9B,GO-5212204-8FCA16FDCA014D4CBDA3F9FCB4E9CC9B,id_exact,1.0,1,resolved,false
64,4d3e7e1258bf0d91a26ae3173b30c655,GO-5212204-950D2FF509934A06BF6812F6700B4B9D,GO-5212204-950D2FF509934A06BF6812F6700B4B9D,id_exact,1.0,1,resolved,false
65,994b0740111298c7c8e164fd95c68776,GO-5212204-9590B08FA4974D2786D41A9EB95C0A8E,GO-5212204-9590B08FA4974D2786D41A9EB95C0A8E,id_exact,1.0,1,resolved,false
66,a4df729bf32fb5472935ae24b67b354e,GO-5212204-973E3F7C82CF4FBC87FD49A783C04134,GO-5212204-973E3F7C82CF4FBC87FD49A783C04134,id_exact,1.0,1,resolved,false
67,05b4790381a1b62d803fbb3318515dfb,GO-5212204-980A3D0E49E84210B886D033F92512C9,GO-5212204-980A3D0E49E84210B886D033F92512C9,id_exact,1.0,1,resolved,false
68,5804d2deb1d45eff08042a42c4ba8aa1,GO-5212204-9984B6C557E04873B22A6C2C429981AB,GO-5212204-9984B6C557E04873B22A6C2C429981AB,id_exact,1.0,1,resolved,false
69,1a1108be01e62f0e4d0b2d6d934233f2,GO-5212204-9F5C455B3F9F44B7BF9B40D03449CED9,GO-5212204-9F5C455B3F9F44B7BF9B40D03449CED9,id_exact,1.0,1,resolved,false
70,4da1ef39d7bd52e30a039d7a9f49871b,GO-5212204-A06B364DA3AC4E1393188DD955072A7A,GO-5212204-A06B364DA3AC4E1393188DD955072A7A,id_exact,1.0,1,resolved,false
71,330b1da4013f7677676dfc249ac50654,GO-5212204-A4424F07EA5349C688955C67B8E5D443,GO-5212204-A4424F07EA5349C688955C67B8E5D443,id_exact,1.0,1,resolved,false
72,659aba98e614fb1036ae45ed6c575bd2,GO-5212204-A614927086AE489E901B1E2C9D35A6CB,GO-5212204-A614927086AE489E901B1E2C9D35A6CB,id_exact,1.0,1,resolved,false
73,6b058ea781346cc6e36afcbda5fcf366,GO-5212204-ACA083B749944315972FE0795ACD12C3,GO-5212204-ACA083B749944315972FE0795ACD12C3,id_exact,1.0,1,resolved,false
74,06e11bf692ca1aec495279ff8f88212e,GO-5212204-ADCB9B746C3B4DDF994A56429CECA7DB,GO-5212204-ADCB9B746C3B4DDF994A56429CECA7DB,id_exact,1.0,1,resolved,false
75,09160c7628f55a1986e5ec6399f31564,GO-5212204-AE6A2EC35795457CBEB9C3256A5B2FB3,GO-5212204-AE6A2EC35795457CBEB9C3256A5B2FB3,id_exact,1.0,1,resolved,false
76,6ce0d385938679bca34ef8ae4a2f3bd6,GO-5212204-B09F3674DFFF46D7AB8D2101F77AFC10,GO-5212204-B09F3674DFFF46D7AB8D2101F77AFC10,id_exact,1.0,1,resolved,false
77,e68e7edd680270d09e05f46a9693bdf2,GO-5212204-B0DB916FE59C4F02AA797C8BBABA23EA,GO-5212204-B0DB916FE59C4F02AA797C8BBABA23EA,id_exact,1.0,1,resolved,false
78,be340dbaa2a8b371988d6acd1a7314b2,GO-5212204-B348A1C10B4943428EC43952E5FE1A9B,GO-5212204-B348A1C10B4943428EC43952E5FE1A9B,id_exact,1.0,1,resolved,false
79,de6e872c8f007100ce994c4d14e43fa2,GO-5212204-BC0DD19983DE40DDA0F0E5BF93136C61,GO-5212204-BC0DD19983DE40DDA0F0E5BF93136C61,id_exact,1.0,1,resolved,false
80,a985f7ea8382dc884edf3f0ba9c65fb9,GO-5212204-BC6E2EE9073D4CE6BCB517FA6E9EBF87,GO-5212204-BC6E2EE9073D4CE6BCB517FA6E9EBF87,id_exact,1.0,1,resolved,false
81,ee8795c6999cad7405d785562eceb99b,GO-5212204-BCCDDA00F01E4C72BA80402253DCB38A,GO-5212204-BCCDDA00F01E4C72BA80402253DCB38A,id_exact,1.0,1,resolved,false
82,fd762b40e22d18860b1e7346553e59bb,GO-5212204-BE591775498E412EB7E493B69772012F,GO-5212204-BE591775498E412EB7E493B69772012F,id_exact,1.0,1,resolved,false
83,89dfc446823c57983180a827480decaf,GO-5212204-C020E51A64DE4DFAA0647BE31783FF65,GO-5212204-C020E51A64DE4DFAA0647BE31783FF65,id_exact,1.0,1,resolved,false
84,f7c8fdc4c78cca8f52551967dc4e07ec,GO-5212204-C1B09E9FD9214A2EA281C3801C9E1953,GO-5212204-C1B09E9FD9214A2EA281C3801C9E1953,id_exact,1.0,1,resolved,false
85,f7e1f973858fb6fc0e5df25016252d46,GO-5212204-C314E7EC753C403AB9968098ED2C6FCD,GO-5212204-C314E7EC753C403AB9968098ED2C6FCD,id_exact,1.0,1,resolved,false
86,899a02f5464eb52269e2ca6eb66ea490,GO-5212204-C36EFCBB660143D29A145ACEC1F9977C,GO-5212204-C36EFCBB660143D29A145ACEC1F9977C,id_exact,1.0,1,resolved,false
87,fd00acad7a60692500c954ccbce7864a,GO-5212204-C89768295EC14B488BC2A10A70813D1B,GO-5212204-C89768295EC14B488BC2A10A70813D1B,id_exact,1.0,1,resolved,false
88,ae57f169e6af07bea21a4515efec22d7,GO-5212204-CA4C71E570B14DB591B595D9489A2B89,GO-5212204-CA4C71E570B14DB591B595D9489A2B89,id_exact,1.0,1,resolved,false
89,26cda4ff9ca2de94976516574f8fd885,GO-5212204-CA6A8154990C4D92B41EE734F4B8FEEB,GO-5212204-CA6A8154990C4D92B41EE734F4B8FEEB,id_exact,1.0,1,resolved,false
90,f564b6fbeafceeae1f405c31b7c45285,GO-5212204-CC710126509D41038EA24A25CC12E236,GO-5212204-CC710126509D41038EA24A25CC12E236,id_exact,1.0,1,resolved,false
91,85ddfb96c51ab73f4cd9a52a6d9699b9,GO-5212204-CE5E071E653F445E8EA2609440D42C75,GO-5212204-CE5E071E653F445E8EA2609440D42C75,id_exact,1.0,1,resolved,false
92,5c144211c06f3c310268868a6c9a806b,GO-5212204-CEAFB76B8EA14062854C222248878EC8,GO-5212204-CEAFB76B8EA14062854C222248878EC8,id_exact,1.0,1,resolved,false
93,9b2d671e152c275d89472129630a5278,GO-5212204-CFFEFFF2769A4055A61320097E500EB8,GO-5212204-CFFEFFF2769A4055A61320097E500EB8,id_exact,1.0,1,resolved,false
94,76888123b6c7d2b438499f4ef96f0570,GO-5212204-D06FA1D1899847B1932E9F802BD14498,GO-5212204-D06FA1D1899847B1932E9F802BD14498,id_exact,1.0,1,resolved,false
95,aa1d86c46532e184cc1d03f61aa5c95b,GO-5212204-D7C048E5C31F4DA5A37066D256069D00,GO-5212204-D7C048E5C31F4DA5A37066D256069D00,id_exact,1.0,1,resolved,false
96,747e28ab40670f4adb0aa93cf22dddfa,GO-5212204-D99E7FB413AF499E8845CAA36FC4353B,GO-5212204-D99E7FB413AF499E8845CAA36FC4353B,id_exact,1.0,1,resolved,false
97,66bdf71c40bdc44f7554adfc40bc1d52,GO-5212204-DA0E3C866893466CA994D0B0178498F2,GO-5212204-DA0E3C866893466CA994D0B0178498F2,id_exact,1.0,1,resolved,false
98,6398eea20c7837260a106bf798fbd62a,GO-5212204-DD210C6E045D48DCBBE38A2FAEEE5520,GO-5212204-DD210C6E045D48DCBBE38A2FAEEE5520,id_exact,1.0,1,resolved,false
99,cace5a582f90dfd1ef40e7ed51671370,GO-5212204-E60476C645D74B1FABA244292F6A832C,GO-5212204-E60476C645D74B1FABA244292F6A832C,id_exact,1.0,1,resolved,false
100,1991839e965962aa37d34def33fd7f6a,GO-5212204-E8645BFEDF4047F3B7A323A4137BD120,GO-5212204-E8645BFEDF4047F3B7A323A4137BD120,id_exact,1.0,1,resolved,false
101,4d2fbc67deb97740ef0de7b5d96c3561,GO-5212204-ED546975E9DA42B19C6ED84E8C72955E,GO-5212204-ED546975E9DA42B19C6ED84E8C72955E,id_exact,1.0,1,resolved,false
102,0d6373e0d49082f3216c478c441512c4,GO-5212204-F02DDCCA149C4C74B510CC73B2AE078F,GO-5212204-F02DDCCA149C4C74B510CC73B2AE078F,id_exact,1.0,1,resolved,false
103,316aefc9606fee970117c2bb02c20765,,GO-5212204-F17BEA20B17148C1ADB4BD53A04EC448,polygon_geometric_match,1.0000000000000024,1,resolved,true
104,ebca1cc684b339fd090eb7c3e9495c93,GO-5212204-F3A12BE84DF7404989ED34657671EADE,GO-5212204-F3A12BE84DF7404989ED34657671EADE,id_exact,1.0,1,resolved,false
105,2a6554572b9784f24fb112228dda4bae,GO-5212204-F9D8CEEE683C4CF0AA64F517381CE6A0,GO-5212204-F9D8CEEE683C4CF0AA64F517381CE6A0,id_exact,1.0,1,resolved,false
106,177f2bb74954827f67d2d008c7d9afa0,GO-5212204-FD40D8C25F054CC0AC3449EBFAE863CB,GO-5212204-FD40D8C25F054CC0AC3449EBFAE863CB,id_exact,1.0,1,resolved,false
107,d737f7e8ce9799baa41b47b11022228f,GO-5212204-FE9378475EAB41548AD312054603D2A9,GO-5212204-FE9378475EAB41548AD312054603D2A9,id_exact,1.0,1,resolved,false
108,532a5342715d104e35b38fb809d26f22,GO-5212204-FF2B860A5A8E4683AC9980742FD4017B,GO-5212204-FF2B860A5A8E4683AC9980742FD4017B,id_exact,1.0,1,resolved,false
109,d8a9c85fbd5b23841d51c92df78caf08,GO-5212204-FFA9CF9AB45940F9BFA6ABCCF2A34EC0,GO-5212204-FFA9CF9AB45940F9BFA6ABCCF2A34EC0,id_exact,1.0,1,resolved,false
110,bcad5517cdf2fbb9eeb808ff20cb682a,GO-5212204-FFF0D6BB370744B6ADC11130F3424BAA,GO-5212204-FFF0D6BB370744B6ADC11130F3424BAA,id_exact,1.0,1,resolved,false
111,aa2b1a79ef530d7a2394479c430d7977,GO-5219258-021D6EEAC0FE4976868FEBAAD4C9056C,GO-5219258-021D6EEAC0FE4976868FEBAAD4C9056C,id_exact,1.0,1,resolved,false
112,e4764defd261693e02393e90e3871567,GO-5219258-6D5094743E1043679D24C466E4814A0D,GO-5219258-6D5094743E1043679D24C466E4814A0D,id_exact,1.0,1,resolved,false
113,69131b6e7945eebbef34406623a44a6d,GO-5219258-782BD54A308C45BEA6E4184FDA795ED5,GO-5219258-782BD54A308C45BEA6E4184FDA795ED5,id_exact,1.0,1,resolved,false
114,e44663698bd2b7c101b3d36d097a8721,GO-5219258-790AA7BBD80648C79EF9210095176353,GO-5219258-790AA7BBD80648C79EF9210095176353,id_exact,1.0,1,resolved,false
115,0d657ae9edea7baee27ebd25e16418e0,GO-5219258-803E3D97C5A8498CBB0C2DFE0F2EB8E7,GO-5219258-803E3D97C5A8498CBB0C2DFE0F2EB8E7,id_exact,1.0,1,resolved,false
116,64d773b329c99838d92379e766ebcb9a,GO-5219258-D8B970A69F30415F9FDEE84663A2210B,GO-5219258-D8B970A69F30415F9FDEE84663A2210B,id_exact,1.0,1,resolved,false
117,91a21006b6943714a35085e9b0581967,GO-5219258-E7F86639E6404DC4AD9B8DBFAFFB112B,GO-5219258-E7F86639E6404DC4AD9B8DBFAFFB112B,id_exact,1.0,1,resolved,false
118,70411b9723a74e2fc2fcf1526795ae8c,GO-5207600-E22FF9A4A75344D3994CB002B90B6686,GO-5207600-E22FF9A4A75344D3994CB002B90B6686,id_exact,1.0,1,resolved,false
119,304ece8e83fc9ab9a341f27b028fc885,,,,,0,unresolved_geometry,false
