property_key,cod_imovel,municipio,cod_estado,input_rows,input_row_count,resolution_status,resolution_method,axes_repaired,matched_field_count,relevant_field_count,loss_field_count,dominant_mbmode24,dominant_class,dominant_class_area_ha,post2020_loss_ha,follow_up_required,assessment_status,applicable_delivery_tiers,contact_entity_id,contact_entity_type,contact_tier,contact_evidence_basis,contact_evidence_value,contact_distance_m,facility_override,contact_selection_status,unsupported_class_field_count
GO-5212204-8F9A53F42FEE4187BBBC3E66F68CEEBE,GO-5212204-8F9A53F42FEE4187BBBC3E66F68CEEBE,Jussara,GO,62,1,resolved,id_exact,false,5,5,2,39,Soybean,531.717,46.944,true,flagged_post2020_loss,intake_point,5212204,cooperative,membership_muni,observed,105.0,,false,default_membership_no_qualifying_override,0
GO-5212204-2B296F3D835C44D7BF1AD385C1D519A9,GO-5212204-2B296F3D835C44D7BF1AD385C1D519A9,Jussara,GO,22,1,resolved,id_exact,false,28,28,12,15,Pasture,421.747,29.501,true,flagged_post2020_loss,slaughter_point,5212204,cooperative,membership_muni,observed,105.0,,false,default_membership_no_qualifying_override,0
GO-5212204-67B7F23029D24ACFAC7656714A14C2DB,GO-5212204-67B7F23029D24ACFAC7656714A14C2DB,Jussara,GO,45,1,resolved,id_exact,false,12,12,5,21,Mosaic of Uses,540.879,13.314,true,flagged_post2020_loss,slaughter_point,5212204,cooperative,membership_muni,observed,105.0,,false,default_membership_no_qualifying_override,0
GO-5212204-5A626DA1611C4A4885618BD646CF0010,GO-5212204-5A626DA1611C4A4885618BD646CF0010,Jussara,GO,39,1,resolved,id_exact,false,74,74,2,15,Pasture,1543.944,10.838,true,flagged_post2020_loss,slaughter_point,5212204,cooperative,membership_muni,observed,105.0,,false,default_membership_no_qualifying_override,0
GO-5219258-E7F86639E6404DC4AD9B8DBFAFFB112B,GO-5219258-E7F86639E6404DC4AD9B8DBFAFFB112B,Santa Fe de Goias,GO,117,1,resolved,id_exact,false,14,14,2,15,Pasture,183.924,3.12,true,flagged_post2020_loss,slaughter_point,5219258,cooperative,membership_muni,observed,20.0,,false,default_membership_no_qualifying_override,0
GO-5212204-3EC9EBA0E8B64C978796D37DE35E549F,GO-5212204-3EC9EBA0E8B64C978796D37DE35E549F,Jussara,GO,29,1,resolved,id_exact,false,7,7,2,15,Pasture,279.527,3.004,true,flagged_post2020_loss,slaughter_point,5212204,cooperative,membership_muni,observed,105.0,,false,default_membership_no_qualifying_override,0
GO-5212204-BC0DD19983DE40DDA0F0E5BF93136C61,GO-5212204-BC0DD19983DE40DDA0F0E5BF93136C61,Jussara,GO,79,1,resolved,id_exact,false,22,22,2,15,Pasture,430.036,2.858,true,flagged_post2020_loss,slaughter_point,5212204,cooperative,membership_muni,observed,105.0,,false,default_membership_no_qualifying_override,0
GO-5219258-D8B970A69F30415F9FDEE84663A2210B,GO-5219258-D8B970A69F30415F9FDEE84663A2210B,Santa Fe de Goias,GO,116,1,resolved,id_exact,false,16,16,2,15,Pasture,886.032,1.615,true,flagged_post2020_loss,slaughter_point,5484,buyer,slaughter_point,observed,0.0,7959.6,true,nearby_routed_facility_override,0
GO-5212204-B09F3674DFFF46D7AB8D2101F77AFC10,GO-5212204-B09F3674DFFF46D7AB8D2101F77AFC10,Jussara,GO,76,1,resolved,id_exact,false,2,2,1,15,Pasture,34.311,1.199,true,flagged_post2020_loss,slaughter_point,5212204,cooperative,membership_muni,observed,105.0,,false,default_membership_no_qualifying_override,0
GO-5212204-59B661AA7FEB45408462F5CD9717FC56,GO-5212204-59B661AA7FEB45408462F5CD9717FC56,Jussara,GO,37,1,resolved,id_exact,false,6,6,1,15,Pasture,585.31,0.604,true,flagged_post2020_loss,slaughter_point,5212204,cooperative,membership_muni,observed,105.0,,false,default_membership_no_qualifying_override,0
GO-5212204-8AE07816A270436D856E6EC821DE0A7B,GO-5212204-8AE07816A270436D856E6EC821DE0A7B,Jussara,GO,58,1,resolved,id_exact,false,3,3,2,15,Pasture,46.979,0.486,true,flagged_post2020_loss,slaughter_point,5212204,cooperative,membership_muni,observed,105.0,,false,default_membership_no_qualifying_override,0
GO-5212204-BCCDDA00F01E4C72BA80402253DCB38A,GO-5212204-BCCDDA00F01E4C72BA80402253DCB38A,Jussara,GO,81,1,resolved,id_exact,false,7,7,1,15,Pasture,161.638,0.465,true,flagged_post2020_loss,slaughter_point,5212204,cooperative,membership_muni,observed,105.0,,false,default_membership_no_qualifying_override,0
GO-5212204-156094615E67476AB099D9F46F6C0655,GO-5212204-156094615E67476AB099D9F46F6C0655,Jussara,GO,8,1,resolved,id_exact,false,22,22,1,15,Pasture,1092.19,0.312,true,flagged_post2020_loss,slaughter_point,5212204,cooperative,membership_muni,observed,105.0,,false,default_membership_no_qualifying_override,0
GO-5212204-50D789C6D210454F80F32B313D791784,GO-5212204-50D789C6D210454F80F32B313D791784,Jussara,GO,33,1,resolved,id_exact,false,6,6,1,15,Pasture,827.776,0.276,true,flagged_post2020_loss,slaughter_point,5212204,cooperative,membership_muni,observed,105.0,,false,default_membership_no_qualifying_override,0
GO-5212204-89767A2A870E408092A410DDBAFF342D,GO-5212204-89767A2A870E408092A410DDBAFF342D,Jussara,GO,56,1,resolved,id_exact,false,4,4,1,15,Pasture,62.562,0.087,true,flagged_post2020_loss,slaughter_point,5212204,cooperative,membership_muni,observed,105.0,,false,default_membership_no_qualifying_override,0
GO-5212204-5EA91F9370294F8F8F9447882810DD0B,GO-5212204-5EA91F9370294F8F8F9447882810DD0B,Jussara,GO,41,1,resolved,id_exact,false,42,42,1,15,Pasture,1437.347,0.082,true,flagged_post2020_loss,slaughter_point,5484,buyer,slaughter_point,observed,0.0,9611.4,true,nearby_routed_facility_override,0
GO-5212204-294B806F6169468E98BB3456EC5158A4,GO-5212204-294B806F6169468E98BB3456EC5158A4,Jussara,GO,20,1,resolved,id_exact,false,4,4,1,15,Pasture,558.717,0.049,true,flagged_post2020_loss,slaughter_point,5212204,cooperative,membership_muni,observed,105.0,,false,default_membership_no_qualifying_override,0
GO-5212204-5A18ED37BE2448B2BF618ECD096BF499,GO-5212204-5A18ED37BE2448B2BF618ECD096BF499,Jussara,GO,38,1,resolved,id_exact,false,5,5,1,15,Pasture,202.391,0.048,true,flagged_post2020_loss,slaughter_point,5212204,cooperative,membership_muni,observed,105.0,,false,default_membership_no_qualifying_override,0
GO-5207600-E22FF9A4A75344D3994CB002B90B6686,GO-5207600-E22FF9A4A75344D3994CB002B90B6686,Fazenda Nova,GO,"1, 118",2,resolved,id_exact,false,2,2,0,15,Pasture,58.025,0.0,false,no_post2020_loss,slaughter_point,,,,,,,false,not_applicable,0
GO-5212204-011050C9BC804D77A80A4F161A120C5A,GO-5212204-011050C9BC804D77A80A4F161A120C5A,Jussara,GO,2,1,resolved,id_exact,false,1,1,0,15,Pasture,15.416,0.0,false,no_post2020_loss,slaughter_point,,,,,,,false,not_applicable,0
GO-5212204-0E3C72FBAFCA4422AE312548AA7331C0,GO-5212204-0E3C72FBAFCA4422AE312548AA7331C0,Jussara,GO,3,1,resolved,id_exact,false,0,0,0,,,,0.0,false,no_matched_fields,none,,,,,,,false,not_applicable,0
GO-5212204-0F4C0661AD054C0883A19B9670A7A0F0,GO-5212204-0F4C0661AD054C0883A19B9670A7A0F0,Jussara,GO,4,1,resolved,id_exact,false,4,4,0,15,Pasture,51.425,0.0,false,no_post2020_loss,slaughter_point,,,,,,,false,not_applicable,0
GO-5212204-118F8241E57F4C21AF20F2486C2316F9,GO-5212204-118F8241E57F4C21AF20F2486C2316F9,Jussara,GO,5,1,resolved,id_exact,false,2,2,0,15,Pasture,92.285,0.0,false,no_post2020_loss,slaughter_point,,,,,,,false,not_applicable,0
GO-5212204-1388D04145DA42C49E1692A41D96CDB5,GO-5212204-1388D04145DA42C49E1692A41D96CDB5,Jussara,GO,6,1,resolved,id_exact,false,1,1,0,15,Pasture,7.706,0.0,false,no_post2020_loss,slaughter_point,,,,,,,false,not_applicable,0
GO-5212204-15108D4D7C134B8D9E71E50A2ED2E605,GO-5212204-15108D4D7C134B8D9E71E50A2ED2E605,Jussara,GO,7,1,resolved,point_containment,false,42,42,0,15,Pasture,3096.006,0.0,false,no_post2020_loss,slaughter_point,,,,,,,false,not_applicable,0
GO-5212204-162DBAFE85134130B3480CF2ED130BFA,GO-5212204-162DBAFE85134130B3480CF2ED130BFA,Jussara,GO,9,1,resolved,id_exact,false,2,2,0,15,Pasture,34.323,0.0,false,no_post2020_loss,slaughter_point,,,,,,,false,not_applicable,0
GO-5212204-16833B91FD32494C864B458F765C0755,GO-5212204-16833B91FD32494C864B458F765C0755,Jussara,GO,10,1,resolved,id_exact,false,2,2,0,15,Pasture,47.097,0.0,false,no_post2020_loss,slaughter_point,,,,,,,false,not_applicable,0
GO-5212204-1C88EF1B3499490DB39608D89AA62FA5,GO-5212204-1C88EF1B3499490DB39608D89AA62FA5,Jussara,GO,11,1,resolved,id_exact,false,1,1,0,21,Mosaic of Uses,13.091,0.0,false,no_post2020_loss,slaughter_point,,,,,,,false,not_applicable,0
GO-5212204-1E2963990BB04DAF9B1A8E86549F116C,GO-5212204-1E2963990BB04DAF9B1A8E86549F116C,Jussara,GO,12,1,resolved,id_exact,false,0,0,0,,,,0.0,false,no_matched_fields,none,,,,,,,false,not_applicable,0
GO-5212204-20FBD72E32A74011BE0C063F4C507E80,GO-5212204-20FBD72E32A74011BE0C063F4C507E80,Jussara,GO,13,1,resolved,id_exact,false,0,0,0,,,,0.0,false,no_matched_fields,none,,,,,,,false,not_applicable,0
GO-5212204-230E3EB4EA894130A1CF632779C35DF4,GO-5212204-230E3EB4EA894130A1CF632779C35DF4,Jussara,GO,14,1,resolved,id_exact,false,1,1,0,15,Pasture,57.987,0.0,false,no_post2020_loss,slaughter_point,,,,,,,false,not_applicable,0
GO-5212204-24550295C0BD4B61B04260CF073F0784,GO-5212204-24550295C0BD4B61B04260CF073F0784,Jussara,GO,15,1,resolved,id_exact,false,2,2,0,15,Pasture,192.542,0.0,false,no_post2020_loss,slaughter_point,,,,,,,false,not_applicable,0
GO-5212204-24978B3823B34D09AA76633A5DD8CFE2,GO-5212204-24978B3823B34D09AA76633A5DD8CFE2,Jussara,GO,16,1,resolved,id_exact,false,18,16,0,15,Pasture,373.645,0.0,false,no_post2020_loss,slaughter_point,,,,,,,false,not_applicable,0
GO-5212204-27018A8454A847469C4A947E06A1A23E,GO-5212204-27018A8454A847469C4A947E06A1A23E,Jussara,GO,17,1,resolved,id_exact,false,8,7,0,15,Pasture,227.245,0.0,false,no_post2020_loss,slaughter_point,,,,,,,false,not_applicable,0
GO-5212204-2849994015EF46DB90DE964061CB16A2,GO-5212204-2849994015EF46DB90DE964061CB16A2,Jussara,GO,18,1,resolved,id_exact,false,1,1,0,15,Pasture,3.569,0.0,false,no_post2020_loss,slaughter_point,,,,,,,false,not_applicable,0
GO-5212204-28658426F94C46068323D3A6FEE33470,GO-5212204-28658426F94C46068323D3A6FEE33470,Jussara,GO,19,1,resolved,id_exact,false,0,0,0,,,,0.0,false,no_matched_fields,none,,,,,,,false,not_applicable,0
GO-5212204-2AD669448DED4EF59B8729DE50E7DEE2,GO-5212204-2AD669448DED4EF59B8729DE50E7DEE2,Jussara,GO,21,1,resolved,id_exact,false,4,4,0,15,Pasture,141.533,0.0,false,no_post2020_loss,slaughter_point,,,,,,,false,not_applicable,0
GO-5212204-2C904799081B439BB5AC023234C7073F,GO-5212204-2C904799081B439BB5AC023234C7073F,Jussara,GO,23,1,resolved,id_exact,false,2,2,0,15,Pasture,758.441,0.0,false,no_post2020_loss,slaughter_point,,,,,,,false,not_applicable,0
GO-5212204-2CC9462D520645069EBCBC7EA3D33548,GO-5212204-2CC9462D520645069EBCBC7EA3D33548,Jussara,GO,24,1,resolved,id_exact,false,21,21,0,15,Pasture,1331.616,0.0,false,no_post2020_loss,slaughter_point,,,,,,,false,not_applicable,0
GO-5212204-304A3F0280604EAC866922F896EC2AF5,GO-5212204-304A3F0280604EAC866922F896EC2AF5,Jussara,GO,25,1,resolved,id_exact,false,0,0,0,,,,0.0,false,no_matched_fields,none,,,,,,,false,not_applicable,0
GO-5212204-32E6D42B795F4D54B06D6D8C2709096C,GO-5212204-32E6D42B795F4D54B06D6D8C2709096C,Jussara,GO,26,1,resolved,id_exact,false,7,7,0,15,Pasture,404.525,0.0,false,no_post2020_loss,slaughter_point,,,,,,,false,not_applicable,0
GO-5212204-3AF33D4A071C45C88BD8B31829ACFD81,GO-5212204-3AF33D4A071C45C88BD8B31829ACFD81,Jussara,GO,27,1,resolved,id_exact,false,7,7,0,15,Pasture,339.77,0.0,false,no_post2020_loss,slaughter_point,,,,,,,false,not_applicable,0
GO-5212204-3C9A1ADACE5C48158FFB0E253DD25653,GO-5212204-3C9A1ADACE5C48158FFB0E253DD25653,Jussara,GO,28,1,resolved,id_exact,false,10,10,0,15,Pasture,117.268,0.0,false,no_post2020_loss,slaughter_point,,,,,,,false,not_applicable,0
GO-5212204-44A20600D515455FBC21DE3D450D828B,GO-5212204-44A20600D515455FBC21DE3D450D828B,Jussara,GO,30,1,resolved,id_exact,false,1,1,0,15,Pasture,9.492,0.0,false,no_post2020_loss,slaughter_point,,,,,,,false,not_applicable,0
GO-5212204-498B6B5D358E4981AEF4DE19AF27B399,GO-5212204-498B6B5D358E4981AEF4DE19AF27B399,Jussara,GO,31,1,resolved,id_exact,false,5,5,0,39,Soybean,592.753,0.0,false,no_post2020_loss,intake_point,,,,,,,false,not_applicable,0
GO-5212204-4C368AF214CE46F5BD8982CDA10FD865,GO-5212204-4C368AF214CE46F5BD8982CDA10FD865,Jussara,GO,32,1,resolved,id_exact,false,0,0,0,,,,0.0,false,no_matched_fields,none,,,,,,,false,not_applicable,0
GO-5212204-52E2FECF2A7042F2B0DC6B27138AADE6,GO-5212204-52E2FECF2A7042F2B0DC6B27138AADE6,Jussara,GO,34,1,resolved,id_exact,false,31,28,0,15,Pasture,2120.094,0.0,false,no_post2020_loss,slaughter_point,,,,,,,false,not_applicable,0
GO-5212204-57B761BC972B4CF1ACB6FB3191344583,GO-5212204-57B761BC972B4CF1ACB6FB3191344583,Jussara,GO,35,1,resolved,id_exact,false,0,0,0,,,,0.0,false,no_matched_fields,none,,,,,,,false,not_applicable,0
GO-5212204-58CF696D8D4E433088EF08BC9873490F,GO-5212204-58CF696D8D4E433088EF08BC9873490F,Jussara,GO,36,1,resolved,id_exact,false,1,1,0,15,Pasture,1.88,0.0,false,no_post2020_loss,slaughter_point,,,,,,,false,not_applicable,0
GO-5212204-5D9A52F2411D4BE8BE74CA5E1CEE15BF,GO-5212204-5D9A52F2411D4BE8BE74CA5E1CEE15BF,Jussara,GO,40,1,resolved,id_exact,false,4,4,0,15,Pasture,37.796,0.0,false,no_post2020_loss,slaughter_point,,,,,,,false,not_applicable,0
GO-5212204-618B314C50C54EEFBC18FB8B02538996,GO-5212204-618B314C50C54EEFBC18FB8B02538996,Jussara,GO,42,1,resolved,id_exact,false,5,5,0,15,Pasture,167.509,0.0,false,no_post2020_loss,slaughter_point,,,,,,,false,not_applicable,0
GO-5212204-666FDE631E27448F908117041A14AAF7,GO-5212204-666FDE631E27448F908117041A14AAF7,Jussara,GO,43,1,resolved,id_exact,false,3,3,0,15,Pasture,25.106,0.0,false,no_post2020_loss,slaughter_point,,,,,,,false,not_applicable,0
GO-5212204-66A905C03E3F44BA90A906FAEE4ECE22,GO-5212204-66A905C03E3F44BA90A906FAEE4ECE22,Jussara,GO,44,1,resolved,id_exact,false,5,5,0,15,Pasture,105.619,0.0,false,no_post2020_loss,slaughter_point,,,,,,,false,not_applicable,0
GO-5212204-6A28AC5AF7BF4BEC8931E8E154D99AEE,GO-5212204-6A28AC5AF7BF4BEC8931E8E154D99AEE,Jussara,GO,46,1,resolved,polygon_geometric_match,false,34,31,0,15,Pasture,1525.711,0.0,false,no_post2020_loss,slaughter_point,,,,,,,false,not_applicable,0
GO-5212204-6A4B85E2354A4B81ADED3D20E1226C9B,GO-5212204-6A4B85E2354A4B81ADED3D20E1226C9B,Jussara,GO,47,1,resolved,id_exact,false,1,1,0,15,Pasture,11.797,0.0,false,no_post2020_loss,slaughter_point,,,,,,,false,not_applicable,0
GO-5212204-709F48C8AFB1410A98BFB6AA16774C78,GO-5212204-709F48C8AFB1410A98BFB6AA16774C78,Jussara,GO,48,1,resolved,id_exact,false,2,2,0,15,Pasture,11.586,0.0,false,no_post2020_loss,slaughter_point,,,,,,,false,not_applicable,0
GO-5212204-722863690680490CA4C132CD628B76D4,GO-5212204-722863690680490CA4C132CD628B76D4,Jussara,GO,49,1,resolved,id_exact,false,3,3,0,15,Pasture,45.297,0.0,false,no_post2020_loss,slaughter_point,,,,,,,false,not_applicable,0
GO-5212204-72B57BA00A4A45EBA58D040A74E67562,GO-5212204-72B57BA00A4A45EBA58D040A74E67562,Jussara,GO,50,1,resolved,id_exact,false,2,2,0,15,Pasture,26.978,0.0,false,no_post2020_loss,slaughter_point,,,,,,,false,not_applicable,0
GO-5212204-7E2ADE1A2C994C1FBE01A9E4115E49A1,GO-5212204-7E2ADE1A2C994C1FBE01A9E4115E49A1,Jussara,GO,51,1,resolved,id_exact,false,3,3,0,39,Soybean,122.319,0.0,false,no_post2020_loss,intake_point,,,,,,,false,not_applicable,0
GO-5212204-7E8D8FBAA53747BCBB20329B57032F98,GO-5212204-7E8D8FBAA53747BCBB20329B57032F98,Jussara,GO,52,1,resolved,id_exact,false,12,12,0,15,Pasture,564.7,0.0,false,no_post2020_loss,slaughter_point,,,,,,,false,not_applicable,0
GO-5212204-81F365C789534A84A8F8A35060DBF942,GO-5212204-81F365C789534A84A8F8A35060DBF942,Jussara,GO,53,1,resolved,id_exact,false,3,3,0,21,Mosaic of Uses,21.442,0.0,false,no_post2020_loss,slaughter_point,,,,,,,false,not_applicable,0
GO-5212204-882C7F7A66AD4033AF778B7A4518A2B0,GO-5212204-882C7F7A66AD4033AF778B7A4518A2B0,Jussara,GO,54,1,resolved,id_exact,false,3,3,0,15,Pasture,180.297,0.0,false,no_post2020_loss,slaughter_point,,,,,,,false,not_applicable,0
GO-5212204-88C69561AE0B4505AB651AE37A00D04E,GO-5212204-88C69561AE0B4505AB651AE37A00D04E,Jussara,GO,55,1,resolved,id_exact,false,0,0,0,,,,0.0,false,no_matched_fields,none,,,,,,,false,not_applicable,0
GO-5212204-8A0CEB45254E411682E58F7496344623,GO-5212204-8A0CEB45254E411682E58F7496344623,Jussara,GO,57,1,resolved,id_exact,false,6,6,0,15,Pasture,73.589,0.0,false,no_post2020_loss,slaughter_point,,,,,,,false,not_applicable,0
GO-5212204-8C2ACD4A01B64F69807B969C95EEE9FC,GO-5212204-8C2ACD4A01B64F69807B969C95EEE9FC,Jussara,GO,59,1,resolved,id_exact,false,0,0,0,,,,0.0,false,no_matched_fields,none,,,,,,,false,not_applicable,0
GO-5212204-8D44AFB4390A42E39D43C06628182C81,GO-5212204-8D44AFB4390A42E39D43C06628182C81,Jussara,GO,60,1,resolved,id_exact,false,0,0,0,,,,0.0,false,no_matched_fields,none,,,,,,,false,not_applicable,0
GO-5212204-8DD46E6D5E704E74AEFF1181E1B9A06F,GO-5212204-8DD46E6D5E704E74AEFF1181E1B9A06F,Jussara,GO,61,1,resolved,id_exact,false,6,6,0,15,Pasture,82.622,0.0,false,no_post2020_loss,slaughter_point,,,,,,,false,not_applicable,0
GO-5212204-8FCA16FDCA014D4CBDA3F9FCB4E9CC9B,GO-5212204-8FCA16FDCA014D4CBDA3F9FCB4E9CC9B,Jussara,GO,63,1,resolved,id_exact,false,9,9,0,15,Pasture,202.198,0.0,false,no_post2020_loss,slaughter_point,,,,,,,false,not_applicable,0
GO-5212204-950D2FF509934A06BF6812F6700B4B9D,GO-5212204-950D2FF509934A06BF6812F6700B4B9D,Jussara,GO,64,1,resolved,id_exact,false,4,4,0,39,Soybean,214.871,0.0,false,no_post2020_loss,intake_point,,,,,,,false,not_applicable,0
GO-5212204-9590B08FA4974D2786D41A9EB95C0A8E,GO-5212204-9590B08FA4974D2786D41A9EB95C0A8E,Jussara,GO,65,1,resolved,id_exact,false,1,1,0,15,Pasture,10.873,0.0,false,no_post2020_loss,slaughter_point,,,,,,,false,not_applicable,0
GO-5212204-973E3F7C82CF4FBC87FD49A783C04134,GO-5212204-973E3F7C82CF4FBC87FD49A783C04134,Jussara,GO,66,1,resolved,id_exact,false,4,4,0,39,Soybean,300.826,0.0,false,no_post2020_loss,intake_point,,,,,,,false,not_applicable,0
GO-5212204-980A3D0E49E84210B886D033F92512C9,GO-5212204-980A3D0E49E84210B886D033F92512C9,Jussara,GO,67,1,resolved,id_exact,false,3,3,0,15,Pasture,62.55,0.0,false,no_post2020_loss,slaughter_point,,,,,,,false,not_applicable,0
GO-5212204-9984B6C557E04873B22A6C2C429981AB,GO-5212204-9984B6C557E04873B22A6C2C429981AB,Jussara,GO,68,1,resolved,id_exact,false,2,2,0,15,Pasture,57.326,0.0,false,no_post2020_loss,slaughter_point,,,,,,,false,not_applicable,0
GO-5212204-9F5C455B3F9F44B7BF9B40D03449CED9,GO-5212204-9F5C455B3F9F44B7BF9B40D03449CED9,Jussara,GO,69,1,resolved,id_exact,false,0,0,0,,,,0.0,false,no_matched_fields,none,,,,,,,false,not_applicable,0
GO-5212204-A06B364DA3AC4E1393188DD955072A7A,GO-5212204-A06B364DA3AC4E1393188DD955072A7A,Jussara,GO,70,1,resolved,id_exact,false,0,0,0,,,,0.0,false,no_matched_fields,none,,,,,,,false,not_applicable,0
GO-5212204-A4424F07EA5349C688955C67B8E5D443,GO-5212204-A4424F07EA5349C688955C67B8E5D443,Jussara,GO,71,1,resolved,id_exact,false,1,1,0,15,Pasture,2.153,0.0,false,no_post2020_loss,slaughter_point,,,,,,,false,not_applicable,0
GO-5212204-A614927086AE489E901B1E2C9D35A6CB,GO-5212204-A614927086AE489E901B1E2C9D35A6CB,Jussara,GO,72,1,resolved,id_exact,false,0,0,0,,,,0.0,false,no_matched_fields,none,,,,,,,false,not_applicable,0
GO-5212204-ACA083B749944315972FE0795ACD12C3,GO-5212204-ACA083B749944315972FE0795ACD12C3,Jussara,GO,73,1,resolved,id_exact,false,2,2,0,15,Pasture,16.022,0.0,false,no_post2020_loss,slaughter_point,,,,,,,false,not_applicable,0
GO-5212204-ADCB9B746C3B4DDF994A56429CECA7DB,GO-5212204-ADCB9B746C3B4DDF994A56429CECA7DB,Jussara,GO,74,1,resolved,id_exact,false,2,2,0,15,Pasture,47.988,0.0,false,no_post2020_loss,slaughter_point,,,,,,,false,not_applicable,0
GO-5212204-AE6A2EC35795457CBEB9C3256A5B2FB3,GO-5212204-AE6A2EC35795457CBEB9C3256A5B2FB3,Jussara,GO,75,1,resolved,id_exact,false,5,5,0,15,Pasture,569.559,0.0,false,no_post2020_loss,slaughter_point,,,,,,,false,not_applicable,0
GO-5212204-B0DB916FE59C4F02AA797C8BBABA23EA,GO-5212204-B0DB916FE59C4F02AA797C8BBABA23EA,Jussara,GO,77,1,resolved,id_exact,false,2,2,0,15,Pasture,2.818,0.0,false,no_post2020_loss,slaughter_point,,,,,,,false,not_applicable,0
GO-5212204-B348A1C10B4943428EC43952E5FE1A9B,GO-5212204-B348A1C10B4943428EC43952E5FE1A9B,Jussara,GO,78,1,resolved,id_exact,false,0,0,0,,,,0.0,false,no_matched_fields,none,,,,,,,false,not_applicable,0
GO-5212204-BC6E2EE9073D4CE6BCB517FA6E9EBF87,GO-5212204-BC6E2EE9073D4CE6BCB517FA6E9EBF87,Jussara,GO,80,1,resolved,id_exact,false,1,1,0,15,Pasture,24.392,0.0,false,no_post2020_loss,slaughter_point,,,,,,,false,not_applicable,0
GO-5212204-BE591775498E412EB7E493B69772012F,GO-5212204-BE591775498E412EB7E493B69772012F,Jussara,GO,82,1,resolved,id_exact,false,2,2,0,15,Pasture,164.829,0.0,false,no_post2020_loss,slaughter_point,,,,,,,false,not_applicable,0
GO-5212204-C020E51A64DE4DFAA0647BE31783FF65,GO-5212204-C020E51A64DE4DFAA0647BE31783FF65,Jussara,GO,83,1,resolved,id_exact,false,3,3,0,21,Mosaic of Uses,59.763,0.0,false,no_post2020_loss,slaughter_point,,,,,,,false,not_applicable,0
GO-5212204-C1B09E9FD9214A2EA281C3801C9E1953,GO-5212204-C1B09E9FD9214A2EA281C3801C9E1953,Jussara,GO,84,1,resolved,id_exact,false,6,6,0,15,Pasture,550.714,0.0,false,no_post2020_loss,slaughter_point,,,,,,,false,not_applicable,0
GO-5212204-C314E7EC753C403AB9968098ED2C6FCD,GO-5212204-C314E7EC753C403AB9968098ED2C6FCD,Jussara,GO,85,1,resolved,id_exact,false,0,0,0,,,,0.0,false,no_matched_fields,none,,,,,,,false,not_applicable,0
GO-5212204-C36EFCBB660143D29A145ACEC1F9977C,GO-5212204-C36EFCBB660143D29A145ACEC1F9977C,Jussara,GO,86,1,resolved,id_exact,false,3,3,0,15,Pasture,130.827,0.0,false,no_post2020_loss,slaughter_point,,,,,,,false,not_applicable,0
GO-5212204-C89768295EC14B488BC2A10A70813D1B,GO-5212204-C89768295EC14B488BC2A10A70813D1B,Jussara,GO,87,1,resolved,id_exact,false,19,19,0,15,Pasture,311.364,0.0,false,no_post2020_loss,slaughter_point,,,,,,,false,not_applicable,0
GO-5212204-CA4C71E570B14DB591B595D9489A2B89,GO-5212204-CA4C71E570B14DB591B595D9489A2B89,Jussara,GO,88,1,resolved,id_exact,false,2,2,0,15,Pasture,6.888,0.0,false,no_post2020_loss,slaughter_point,,,,,,,false,not_applicable,0
GO-5212204-CA6A8154990C4D92B41EE734F4B8FEEB,GO-5212204-CA6A8154990C4D92B41EE734F4B8FEEB,Jussara,GO,89,1,resolved,id_exact,false,4,4,0,15,Pasture,20.369,0.0,false,no_post2020_loss,slaughter_point,,,,,,,false,not_applicable,0
GO-5212204-CC710126509D41038EA24A25CC12E236,GO-5212204-CC710126509D41038EA24A25CC12E236,Jussara,GO,90,1,resolved,id_exact,false,3,3,0,21,Mosaic of Uses,114.944,0.0,false,no_post2020_loss,slaughter_point,,,,,,,false,not_applicable,0
GO-5212204-CE5E071E653F445E8EA2609440D42C75,GO-5212204-CE5E071E653F445E8EA2609440D42C75,Jussara,GO,91,1,resolved,id_exact,false,26,26,0,15,Pasture,819.886,0.0,false,no_post2020_loss,slaughter_point,,,,,,,false,not_applicable,0
GO-5212204-CEAFB76B8EA14062854C222248878EC8,GO-5212204-CEAFB76B8EA14062854C222248878EC8,Jussara,GO,92,1,resolved,id_exact,false,0,0,0,,,,0.0,false,no_matched_fields,none,,,,,,,false,not_applicable,0
GO-5212204-CFFEFFF2769A4055A61320097E500EB8,GO-5212204-CFFEFFF2769A4055A61320097E500EB8,Jussara,GO,93,1,resolved,id_exact,false,3,3,0,15,Pasture,216.103,0.0,false,no_post2020_loss,slaughter_point,,,,,,,false,not_applicable,0
GO-5212204-D06FA1D1899847B1932E9F802BD14498,GO-5212204-D06FA1D1899847B1932E9F802BD14498,Jussara,GO,94,1,resolved,id_exact,false,6,6,0,15,Pasture,209.555,0.0,false,no_post2020_loss,slaughter_point,,,,,,,false,not_applicable,0
GO-5212204-D7C048E5C31F4DA5A37066D256069D00,GO-5212204-D7C048E5C31F4DA5A37066D256069D00,Jussara,GO,95,1,resolved,id_exact,false,4,4,0,15,Pasture,82.781,0.0,false,no_post2020_loss,slaughter_point,,,,,,,false,not_applicable,0
GO-5212204-D99E7FB413AF499E8845CAA36FC4353B,GO-5212204-D99E7FB413AF499E8845CAA36FC4353B,Jussara,GO,96,1,resolved,id_exact,false,3,3,0,15,Pasture,39.932,0.0,false,no_post2020_loss,slaughter_point,,,,,,,false,not_applicable,0
GO-5212204-DA0E3C866893466CA994D0B0178498F2,GO-5212204-DA0E3C866893466CA994D0B0178498F2,Jussara,GO,97,1,resolved,id_exact,false,18,18,0,39,Soybean,136.003,0.0,false,no_post2020_loss,intake_point,,,,,,,false,not_applicable,0
GO-5212204-DD210C6E045D48DCBBE38A2FAEEE5520,GO-5212204-DD210C6E045D48DCBBE38A2FAEEE5520,Jussara,GO,98,1,resolved,id_exact,false,7,7,0,15,Pasture,46.54,0.0,false,no_post2020_loss,slaughter_point,,,,,,,false,not_applicable,0
GO-5212204-E60476C645D74B1FABA244292F6A832C,GO-5212204-E60476C645D74B1FABA244292F6A832C,Jussara,GO,99,1,resolved,id_exact,false,0,0,0,,,,0.0,false,no_matched_fields,none,,,,,,,false,not_applicable,0
GO-5212204-E8645BFEDF4047F3B7A323A4137BD120,GO-5212204-E8645BFEDF4047F3B7A323A4137BD120,Jussara,GO,100,1,resolved,id_exact,false,3,3,0,15,Pasture,145.958,0.0,false,no_post2020_loss,slaughter_point,,,,,,,false,not_applicable,0
GO-5212204-ED546975E9DA42B19C6ED84E8C72955E,GO-5212204-ED546975E9DA42B19C6ED84E8C72955E,Jussara,GO,101,1,resolved,id_exact,false,2,2,0,15,Pasture,119.463,0.0,false,no_post2020_loss,slaughter_point,,,,,,,false,not_applicable,0
GO-5212204-F02DDCCA149C4C74B510CC73B2AE078F,GO-5212204-F02DDCCA149C4C74B510CC73B2AE078F,Jussara,GO,102,1,resolved,id_exact,false,0,0,0,,,,0.0,false,no_matched_fields,none,,,,,,,false,not_applicable,0
GO-5212204-F17BEA20B17148C1ADB4BD53A04EC448,GO-5212204-F17BEA20B17148C1ADB4BD53A04EC448,Jussara,GO,103,1,resolved,polygon_geometric_match,true,29,26,0,15,Pasture,1744.965,0.0,false,no_post2020_loss,slaughter_point,,,,,,,false,not_applicable,0
GO-5212204-F3A12BE84DF7404989ED34657671EADE,GO-5212204-F3A12BE84DF7404989ED34657671EADE,Jussara,GO,104,1,resolved,id_exact,false,11,11,0,15,Pasture,1168.309,0.0,false,no_post2020_loss,slaughter_point,,,,,,,false,not_applicable,0
GO-5212204-F9D8CEEE683C4CF0AA64F517381CE6A0,GO-5212204-F9D8CEEE683C4CF0AA64F517381CE6A0,Jussara,GO,105,1,resolved,id_exact,false,10,10,0,15,Pasture,531.995,0.0,false,no_post2020_loss,slaughter_point,,,,,,,false,not_applicable,0
GO-5212204-FD40D8C25F054CC0AC3449EBFAE863CB,GO-5212204-FD40D8C25F054CC0AC3449EBFAE863CB,Jussara,GO,106,1,resolved,id_exact,false,0,0,0,,,,0.0,false,no_matched_fields,none,,,,,,,false,not_applicable,0
GO-5212204-FE9378475EAB41548AD312054603D2A9,GO-5212204-FE9378475EAB41548AD312054603D2A9,Jussara,GO,107,1,resolved,id_exact,false,0,0,0,,,,0.0,false,no_matched_fields,none,,,,,,,false,not_applicable,0
GO-5212204-FF2B860A5A8E4683AC9980742FD4017B,GO-5212204-FF2B860A5A8E4683AC9980742FD4017B,Jussara,GO,108,1,resolved,id_exact,false,0,0,0,,,,0.0,false,no_matched_fields,none,,,,,,,false,not_applicable,0
GO-5212204-FFA9CF9AB45940F9BFA6ABCCF2A34EC0,GO-5212204-FFA9CF9AB45940F9BFA6ABCCF2A34EC0,Jussara,GO,109,1,resolved,id_exact,false,4,4,0,15,Pasture,26.797,0.0,false,no_post2020_loss,slaughter_point,,,,,,,false,not_applicable,0
GO-5212204-FFF0D6BB370744B6ADC11130F3424BAA,GO-5212204-FFF0D6BB370744B6ADC11130F3424BAA,Jussara,GO,110,1,resolved,id_exact,false,0,0,0,,,,0.0,false,no_matched_fields,none,,,,,,,false,not_applicable,0
GO-5219258-021D6EEAC0FE4976868FEBAAD4C9056C,GO-5219258-021D6EEAC0FE4976868FEBAAD4C9056C,Santa Fe de Goias,GO,111,1,resolved,id_exact,false,28,28,0,15,Pasture,616.213,0.0,false,no_post2020_loss,slaughter_point,,,,,,,false,not_applicable,0
GO-5219258-6D5094743E1043679D24C466E4814A0D,GO-5219258-6D5094743E1043679D24C466E4814A0D,Santa Fe de Goias,GO,112,1,resolved,id_exact,false,2,2,0,15,Pasture,259.313,0.0,false,no_post2020_loss,slaughter_point,,,,,,,false,not_applicable,0
GO-5219258-782BD54A308C45BEA6E4184FDA795ED5,GO-5219258-782BD54A308C45BEA6E4184FDA795ED5,Santa Fe de Goias,GO,113,1,resolved,id_exact,false,5,5,0,15,Pasture,317.541,0.0,false,no_post2020_loss,slaughter_point,,,,,,,false,not_applicable,0
GO-5219258-790AA7BBD80648C79EF9210095176353,GO-5219258-790AA7BBD80648C79EF9210095176353,Santa Fe de Goias,GO,114,1,resolved,id_exact,false,4,4,0,15,Pasture,261.917,0.0,false,no_post2020_loss,slaughter_point,,,,,,,false,not_applicable,0
GO-5219258-803E3D97C5A8498CBB0C2DFE0F2EB8E7,GO-5219258-803E3D97C5A8498CBB0C2DFE0F2EB8E7,Santa Fe de Goias,GO,115,1,resolved,id_exact,false,3,3,0,21,Mosaic of Uses,176.852,0.0,false,no_post2020_loss,slaughter_point,,,,,,,false,not_applicable,0
UNRESOLVED:304ece8e83fc9ab9a341f27b028fc885,,,,119,1,unresolved_geometry,,false,0,0,0,,,,0.0,false,unresolved_geometry,none,,,,,,,false,not_applicable,0
